Sensor ID,Timestamp,PM2.5 Value
Sensor 1,2024-11-06 09:30:44,666.5 μg/m^3
Sensor 1,2024-11-06 09:31:44,779.7 μg/m^3
Sensor 1,2024-11-06 09:32:44,755.6 μg/m^3
Sensor 1,2024-11-06 09:33:44,329.8 μg/m^3
Sensor 1,2024-11-06 09:34:44,418.8 μg/m^3
Sensor 1,2024-11-06 09:35:44,65.8 μg/m^3
Sensor 1,2024-11-06 09:36:44,261.0 μg/m^3
Sensor 1,2024-11-06 09:37:44,257.7 μg/m^3
Sensor 1,2024-11-06 09:38:44,239.1 μg/m^3
Sensor 1,2024-11-06 09:39:44,69.1 μg/m^3
Sensor 1,2024-11-06 09:40:44,557.0 μg/m^3
Sensor 1,2024-11-06 09:41:44,266.6 μg/m^3
Sensor 1,2024-11-06 09:42:44,160.9 μg/m^3
Sensor 1,2024-11-06 09:43:44,615.4 μg/m^3
Sensor 1,2024-11-06 09:44:44,20.7 μg/m^3
Sensor 1,2024-11-06 09:45:44,758.3 μg/m^3
Sensor 1,2024-11-06 09:46:44,302.5 μg/m^3
Sensor 1,2024-11-06 09:47:44,697.6 μg/m^3
Sensor 1,2024-11-06 09:48:44,354.6 μg/m^3
Sensor 1,2024-11-06 09:49:44,166.7 μg/m^3
Sensor 1,2024-11-06 09:50:44,149.1 μg/m^3
Sensor 1,2024-11-06 09:51:44,696.1 μg/m^3
Sensor 1,2024-11-06 09:52:44,329.4 μg/m^3
Sensor 1,2024-11-06 09:53:44,344.7 μg/m^3
Sensor 1,2024-11-06 09:54:44,254.4 μg/m^3
Sensor 1,2024-11-06 09:55:44,615.5 μg/m^3
Sensor 1,2024-11-06 09:56:44,726.1 μg/m^3
Sensor 1,2024-11-06 09:57:44,569.9 μg/m^3
Sensor 1,2024-11-06 09:58:44,57.0 μg/m^3
Sensor 1,2024-11-06 09:59:44,606.9 μg/m^3
Sensor 1,2024-11-06 10:00:44,659.1 μg/m^3
Sensor 1,2024-11-06 10:01:44,716.6 μg/m^3
Sensor 1,2024-11-06 10:02:44,55.0 μg/m^3
Sensor 1,2024-11-06 10:03:44,721.2 μg/m^3
Sensor 1,2024-11-06 10:04:44,444.1 μg/m^3
Sensor 1,2024-11-06 10:05:44,299.3 μg/m^3
Sensor 1,2024-11-06 10:06:44,356.7 μg/m^3
Sensor 1,2024-11-06 10:07:44,67.8 μg/m^3
Sensor 1,2024-11-06 10:08:44,72.8 μg/m^3
Sensor 1,2024-11-06 10:09:44,563.4 μg/m^3
Sensor 1,2024-11-06 10:10:44,535.9 μg/m^3
Sensor 1,2024-11-06 10:11:44,512.0 μg/m^3
Sensor 1,2024-11-06 10:12:44,113.2 μg/m^3
Sensor 1,2024-11-06 10:13:44,480.9 μg/m^3
Sensor 1,2024-11-06 10:14:44,88.6 μg/m^3
Sensor 1,2024-11-06 10:15:44,649.2 μg/m^3
Sensor 1,2024-11-06 10:16:44,724.5 μg/m^3
Sensor 1,2024-11-06 10:17:44,416.7 μg/m^3
Sensor 1,2024-11-06 10:18:44,762.0 μg/m^3
Sensor 1,2024-11-06 10:19:44,544.0 μg/m^3
Sensor 1,2024-11-06 10:20:44,503.7 μg/m^3
Sensor 1,2024-11-06 10:21:44,210.6 μg/m^3
Sensor 1,2024-11-06 10:22:44,448.3 μg/m^3
Sensor 1,2024-11-06 10:23:44,301.5 μg/m^3
Sensor 1,2024-11-06 10:24:44,33.8 μg/m^3
Sensor 1,2024-11-06 10:25:44,103.9 μg/m^3
Sensor 1,2024-11-06 10:26:44,530.0 μg/m^3
Sensor 1,2024-11-06 10:27:44,197.7 μg/m^3
Sensor 1,2024-11-06 10:28:44,684.2 μg/m^3
Sensor 1,2024-11-06 10:29:44,670.2 μg/m^3
Sensor 1,2024-11-06 10:30:44,746.2 μg/m^3
Sensor 1,2024-11-06 10:31:44,69.0 μg/m^3
Sensor 1,2024-11-06 10:32:44,110.9 μg/m^3
Sensor 1,2024-11-06 10:33:44,230.5 μg/m^3
Sensor 1,2024-11-06 10:34:44,113.5 μg/m^3
Sensor 1,2024-11-06 10:35:44,538.6 μg/m^3
Sensor 1,2024-11-06 10:36:44,69.3 μg/m^3
Sensor 1,2024-11-06 10:37:44,242.1 μg/m^3
Sensor 1,2024-11-06 10:38:44,719.2 μg/m^3
Sensor 1,2024-11-06 10:39:44,203.4 μg/m^3
Sensor 1,2024-11-06 10:40:44,103.3 μg/m^3
Sensor 1,2024-11-06 10:41:44,70.6 μg/m^3
Sensor 1,2024-11-06 10:42:44,264.6 μg/m^3
Sensor 1,2024-11-06 10:43:44,272.4 μg/m^3
Sensor 1,2024-11-06 10:44:44,723.8 μg/m^3
Sensor 1,2024-11-06 10:45:44,739.3 μg/m^3
Sensor 1,2024-11-06 10:46:44,203.7 μg/m^3
Sensor 1,2024-11-06 10:47:44,760.6 μg/m^3
Sensor 1,2024-11-06 10:48:44,304.9 μg/m^3
Sensor 1,2024-11-06 10:49:44,516.0 μg/m^3
Sensor 1,2024-11-06 10:50:44,758.7 μg/m^3
Sensor 1,2024-11-06 10:51:44,72.0 μg/m^3
Sensor 1,2024-11-06 10:52:44,552.7 μg/m^3
Sensor 1,2024-11-06 10:53:44,62.3 μg/m^3
Sensor 1,2024-11-06 10:54:44,95.8 μg/m^3
Sensor 1,2024-11-06 10:55:44,57.6 μg/m^3
Sensor 1,2024-11-06 10:56:44,427.2 μg/m^3
Sensor 1,2024-11-06 10:57:44,767.5 μg/m^3
Sensor 1,2024-11-06 10:58:44,568.3 μg/m^3
Sensor 1,2024-11-06 10:59:44,381.7 μg/m^3
Sensor 1,2024-11-06 11:00:44,424.9 μg/m^3
Sensor 1,2024-11-06 11:01:44,277.6 μg/m^3
Sensor 1,2024-11-06 11:02:44,366.9 μg/m^3
Sensor 1,2024-11-06 11:03:44,623.9 μg/m^3
Sensor 1,2024-11-06 11:04:44,527.8 μg/m^3
Sensor 1,2024-11-06 11:05:44,121.0 μg/m^3
Sensor 1,2024-11-06 11:06:44,693.5 μg/m^3
Sensor 1,2024-11-06 11:07:44,85.9 μg/m^3
Sensor 1,2024-11-06 11:08:44,735.5 μg/m^3
Sensor 1,2024-11-06 11:09:44,217.4 μg/m^3
Sensor 1,2024-11-06 11:10:44,13.0 μg/m^3
Sensor 1,2024-11-06 11:11:44,435.6 μg/m^3
Sensor 1,2024-11-06 11:12:44,747.9 μg/m^3
Sensor 1,2024-11-06 11:13:44,431.5 μg/m^3
Sensor 1,2024-11-06 11:14:44,164.6 μg/m^3
Sensor 1,2024-11-06 11:15:44,503.8 μg/m^3
Sensor 1,2024-11-06 11:16:44,242.2 μg/m^3
Sensor 1,2024-11-06 11:17:44,300.6 μg/m^3
Sensor 1,2024-11-06 11:18:44,120.1 μg/m^3
Sensor 1,2024-11-06 11:19:44,221.7 μg/m^3
Sensor 1,2024-11-06 11:20:44,659.7 μg/m^3
Sensor 1,2024-11-06 11:21:44,793.6 μg/m^3
Sensor 1,2024-11-06 11:22:44,186.5 μg/m^3
Sensor 1,2024-11-06 11:23:44,382.7 μg/m^3
Sensor 1,2024-11-06 11:24:44,723.3 μg/m^3
Sensor 1,2024-11-06 11:25:44,599.4 μg/m^3
Sensor 1,2024-11-06 11:26:44,631.7 μg/m^3
Sensor 1,2024-11-06 11:27:44,546.7 μg/m^3
Sensor 1,2024-11-06 11:28:44,623.2 μg/m^3
Sensor 1,2024-11-06 11:29:44,595.4 μg/m^3
Sensor 1,2024-11-06 11:30:44,502.4 μg/m^3
Sensor 1,2024-11-06 11:31:44,329.5 μg/m^3
Sensor 1,2024-11-06 11:32:44,233.8 μg/m^3
Sensor 1,2024-11-06 11:33:44,231.0 μg/m^3
Sensor 1,2024-11-06 11:34:44,651.2 μg/m^3
Sensor 1,2024-11-06 11:35:44,218.4 μg/m^3
Sensor 1,2024-11-06 11:36:44,581.9 μg/m^3
Sensor 1,2024-11-06 11:37:44,543.0 μg/m^3
Sensor 1,2024-11-06 11:38:44,396.7 μg/m^3
Sensor 1,2024-11-06 11:39:44,682.0 μg/m^3
Sensor 1,2024-11-06 11:40:44,334.6 μg/m^3
Sensor 1,2024-11-06 11:41:44,244.4 μg/m^3
Sensor 1,2024-11-06 11:42:44,334.4 μg/m^3
Sensor 1,2024-11-06 11:43:44,630.5 μg/m^3
Sensor 1,2024-11-06 11:44:44,256.4 μg/m^3
Sensor 1,2024-11-06 11:45:44,590.9 μg/m^3
Sensor 1,2024-11-06 11:46:44,144.3 μg/m^3
Sensor 1,2024-11-06 11:47:44,700.8 μg/m^3
Sensor 1,2024-11-06 11:48:44,662.4 μg/m^3
Sensor 1,2024-11-06 11:49:44,707.5 μg/m^3
Sensor 1,2024-11-06 11:50:44,564.0 μg/m^3
Sensor 1,2024-11-06 11:51:44,683.8 μg/m^3
Sensor 1,2024-11-06 11:52:44,283.0 μg/m^3
Sensor 1,2024-11-06 11:53:44,450.6 μg/m^3
Sensor 1,2024-11-06 11:54:44,279.3 μg/m^3
Sensor 1,2024-11-06 11:55:44,383.3 μg/m^3
Sensor 1,2024-11-06 11:56:44,578.0 μg/m^3
Sensor 1,2024-11-06 11:57:44,753.7 μg/m^3
Sensor 1,2024-11-06 11:58:44,402.3 μg/m^3
Sensor 1,2024-11-06 11:59:44,765.9 μg/m^3
Sensor 1,2024-11-06 12:00:44,485.0 μg/m^3
Sensor 1,2024-11-06 12:01:44,740.8 μg/m^3
Sensor 1,2024-11-06 12:02:44,92.0 μg/m^3
Sensor 1,2024-11-06 12:03:44,438.7 μg/m^3
Sensor 1,2024-11-06 12:04:44,537.0 μg/m^3
Sensor 1,2024-11-06 12:05:44,71.0 μg/m^3
Sensor 1,2024-11-06 12:06:44,137.7 μg/m^3
Sensor 1,2024-11-06 12:07:44,779.0 μg/m^3
Sensor 1,2024-11-06 12:08:44,571.7 μg/m^3
Sensor 1,2024-11-06 12:09:44,696.7 μg/m^3
Sensor 1,2024-11-06 12:10:44,270.3 μg/m^3
Sensor 1,2024-11-06 12:11:44,728.2 μg/m^3
Sensor 1,2024-11-06 12:12:44,23.0 μg/m^3
Sensor 1,2024-11-06 12:13:44,644.4 μg/m^3
Sensor 1,2024-11-06 12:14:44,433.4 μg/m^3
Sensor 1,2024-11-06 12:15:44,327.8 μg/m^3
Sensor 1,2024-11-06 12:16:44,181.6 μg/m^3
Sensor 1,2024-11-06 12:17:44,786.4 μg/m^3
Sensor 1,2024-11-06 12:18:44,233.3 μg/m^3
Sensor 1,2024-11-06 12:19:44,564.0 μg/m^3
Sensor 1,2024-11-06 12:20:44,766.4 μg/m^3
Sensor 1,2024-11-06 12:21:44,527.6 μg/m^3
Sensor 1,2024-11-06 12:22:44,439.5 μg/m^3
Sensor 1,2024-11-06 12:23:44,42.6 μg/m^3
Sensor 1,2024-11-06 12:24:44,477.4 μg/m^3
Sensor 1,2024-11-06 12:25:44,781.2 μg/m^3
Sensor 1,2024-11-06 12:26:44,144.7 μg/m^3
Sensor 1,2024-11-06 12:27:44,675.0 μg/m^3
Sensor 1,2024-11-06 12:28:44,695.9 μg/m^3
Sensor 1,2024-11-06 12:29:44,788.4 μg/m^3
Sensor 1,2024-11-06 12:30:44,314.0 μg/m^3
Sensor 1,2024-11-06 12:31:44,644.5 μg/m^3
Sensor 1,2024-11-06 12:32:44,778.2 μg/m^3
Sensor 1,2024-11-06 12:33:44,526.0 μg/m^3
Sensor 1,2024-11-06 12:34:44,589.7 μg/m^3
Sensor 1,2024-11-06 12:35:44,18.9 μg/m^3
Sensor 1,2024-11-06 12:36:44,224.7 μg/m^3
Sensor 1,2024-11-06 12:37:44,98.6 μg/m^3
Sensor 1,2024-11-06 12:38:44,1.4 μg/m^3
Sensor 1,2024-11-06 12:39:44,476.6 μg/m^3
Sensor 1,2024-11-06 12:40:44,97.8 μg/m^3
Sensor 1,2024-11-06 12:41:44,198.9 μg/m^3
Sensor 1,2024-11-06 12:42:44,530.1 μg/m^3
Sensor 1,2024-11-06 12:43:44,90.6 μg/m^3
Sensor 1,2024-11-06 12:44:44,373.9 μg/m^3
Sensor 1,2024-11-06 12:45:44,745.7 μg/m^3
Sensor 1,2024-11-06 12:46:44,19.5 μg/m^3
Sensor 1,2024-11-06 12:47:44,188.3 μg/m^3
Sensor 1,2024-11-06 12:48:44,578.6 μg/m^3
Sensor 1,2024-11-06 12:49:44,72.0 μg/m^3
Sensor 1,2024-11-06 12:50:44,659.2 μg/m^3
Sensor 1,2024-11-06 12:51:44,459.2 μg/m^3
Sensor 1,2024-11-06 12:52:44,276.3 μg/m^3
Sensor 1,2024-11-06 12:53:44,689.4 μg/m^3
Sensor 1,2024-11-06 12:54:44,563.0 μg/m^3
Sensor 1,2024-11-06 12:55:44,97.1 μg/m^3
Sensor 1,2024-11-06 12:56:44,18.2 μg/m^3
Sensor 1,2024-11-06 12:57:44,601.4 μg/m^3
Sensor 1,2024-11-06 12:58:44,535.7 μg/m^3
Sensor 1,2024-11-06 12:59:44,312.7 μg/m^3
Sensor 1,2024-11-06 13:00:44,615.1 μg/m^3
Sensor 1,2024-11-06 13:01:44,621.1 μg/m^3
Sensor 1,2024-11-06 13:02:44,556.4 μg/m^3
Sensor 1,2024-11-06 13:03:44,356.6 μg/m^3
Sensor 1,2024-11-06 13:04:44,694.4 μg/m^3
Sensor 1,2024-11-06 13:05:44,566.0 μg/m^3
Sensor 1,2024-11-06 13:06:44,92.5 μg/m^3
Sensor 1,2024-11-06 13:07:44,339.1 μg/m^3
Sensor 1,2024-11-06 13:08:44,575.3 μg/m^3
Sensor 1,2024-11-06 13:09:44,116.4 μg/m^3
Sensor 1,2024-11-06 13:10:44,547.7 μg/m^3
Sensor 1,2024-11-06 13:11:44,432.2 μg/m^3
Sensor 1,2024-11-06 13:12:44,387.2 μg/m^3
Sensor 1,2024-11-06 13:13:44,759.5 μg/m^3
Sensor 1,2024-11-06 13:14:44,142.4 μg/m^3
Sensor 1,2024-11-06 13:15:44,24.1 μg/m^3
Sensor 1,2024-11-06 13:16:44,348.2 μg/m^3
Sensor 1,2024-11-06 13:17:44,255.3 μg/m^3
Sensor 1,2024-11-06 13:18:44,562.5 μg/m^3
Sensor 1,2024-11-06 13:19:44,52.0 μg/m^3
Sensor 1,2024-11-06 13:20:44,728.3 μg/m^3
Sensor 1,2024-11-06 13:21:44,700.5 μg/m^3
Sensor 1,2024-11-06 13:22:44,741.7 μg/m^3
Sensor 1,2024-11-06 13:23:44,616.5 μg/m^3
Sensor 1,2024-11-06 13:24:44,655.6 μg/m^3
Sensor 1,2024-11-06 13:25:44,22.8 μg/m^3
Sensor 1,2024-11-06 13:26:44,158.0 μg/m^3
Sensor 1,2024-11-06 13:27:44,719.7 μg/m^3
Sensor 1,2024-11-06 13:28:44,260.0 μg/m^3
Sensor 1,2024-11-06 13:29:44,590.9 μg/m^3
Sensor 1,2024-11-06 13:30:44,2.9 μg/m^3
Sensor 1,2024-11-06 13:31:44,45.0 μg/m^3
Sensor 1,2024-11-06 13:32:44,396.1 μg/m^3
Sensor 1,2024-11-06 13:33:44,700.6 μg/m^3
Sensor 1,2024-11-06 13:34:44,602.4 μg/m^3
Sensor 1,2024-11-06 13:35:44,626.4 μg/m^3
Sensor 1,2024-11-06 13:36:44,404.0 μg/m^3
Sensor 1,2024-11-06 13:37:44,292.6 μg/m^3
Sensor 1,2024-11-06 13:38:44,248.6 μg/m^3
Sensor 1,2024-11-06 13:39:44,285.2 μg/m^3
Sensor 1,2024-11-06 13:40:44,760.2 μg/m^3
Sensor 1,2024-11-06 13:41:44,458.3 μg/m^3
Sensor 1,2024-11-06 13:42:44,70.6 μg/m^3
Sensor 1,2024-11-06 13:43:44,69.8 μg/m^3
Sensor 1,2024-11-06 13:44:44,521.7 μg/m^3
Sensor 1,2024-11-06 13:45:44,504.5 μg/m^3
Sensor 1,2024-11-06 13:46:44,289.7 μg/m^3
Sensor 1,2024-11-06 13:47:44,465.8 μg/m^3
Sensor 1,2024-11-06 13:48:44,647.7 μg/m^3
Sensor 1,2024-11-06 13:49:44,287.5 μg/m^3
Sensor 1,2024-11-06 13:50:44,414.8 μg/m^3
Sensor 1,2024-11-06 13:51:44,79.8 μg/m^3
Sensor 1,2024-11-06 13:52:44,737.6 μg/m^3
Sensor 1,2024-11-06 13:53:44,311.5 μg/m^3
Sensor 1,2024-11-06 13:54:44,75.1 μg/m^3
Sensor 1,2024-11-06 13:55:44,596.1 μg/m^3
Sensor 1,2024-11-06 13:56:44,231.1 μg/m^3
Sensor 1,2024-11-06 13:57:44,365.3 μg/m^3
Sensor 1,2024-11-06 13:58:44,283.9 μg/m^3
Sensor 1,2024-11-06 13:59:44,503.9 μg/m^3
Sensor 1,2024-11-06 14:00:44,182.9 μg/m^3
Sensor 1,2024-11-06 14:01:44,475.1 μg/m^3
Sensor 1,2024-11-06 14:02:44,189.7 μg/m^3
Sensor 1,2024-11-06 14:03:44,103.5 μg/m^3
Sensor 1,2024-11-06 14:04:44,658.1 μg/m^3
Sensor 1,2024-11-06 14:05:44,330.2 μg/m^3
Sensor 1,2024-11-06 14:06:44,7.9 μg/m^3
Sensor 1,2024-11-06 14:07:44,328.0 μg/m^3
Sensor 1,2024-11-06 14:08:44,256.1 μg/m^3
Sensor 1,2024-11-06 14:09:44,659.2 μg/m^3
Sensor 1,2024-11-06 14:10:44,198.2 μg/m^3
Sensor 1,2024-11-06 14:11:44,626.3 μg/m^3
Sensor 1,2024-11-06 14:12:44,662.2 μg/m^3
Sensor 1,2024-11-06 14:13:44,388.8 μg/m^3
Sensor 1,2024-11-06 14:14:44,642.3 μg/m^3
Sensor 1,2024-11-06 14:15:44,658.1 μg/m^3
Sensor 1,2024-11-06 14:16:44,256.3 μg/m^3
Sensor 1,2024-11-06 14:17:44,758.5 μg/m^3
Sensor 1,2024-11-06 14:18:44,28.5 μg/m^3
Sensor 1,2024-11-06 14:19:44,264.9 μg/m^3
Sensor 1,2024-11-06 14:20:44,514.5 μg/m^3
Sensor 1,2024-11-06 14:21:44,87.6 μg/m^3
Sensor 1,2024-11-06 14:22:44,336.1 μg/m^3
Sensor 1,2024-11-06 14:23:44,106.5 μg/m^3
Sensor 1,2024-11-06 14:24:44,321.5 μg/m^3
Sensor 1,2024-11-06 14:25:44,314.1 μg/m^3
Sensor 1,2024-11-06 14:26:44,775.2 μg/m^3
Sensor 1,2024-11-06 14:27:44,776.0 μg/m^3
Sensor 1,2024-11-06 14:28:44,594.4 μg/m^3
Sensor 1,2024-11-06 14:29:44,85.4 μg/m^3
Sensor 1,2024-11-06 14:30:44,254.4 μg/m^3
Sensor 1,2024-11-06 14:31:44,346.0 μg/m^3
Sensor 1,2024-11-06 14:32:44,622.6 μg/m^3
Sensor 1,2024-11-06 14:33:44,472.1 μg/m^3
Sensor 1,2024-11-06 14:34:44,766.0 μg/m^3
Sensor 1,2024-11-06 14:35:44,431.6 μg/m^3
Sensor 1,2024-11-06 14:36:44,713.4 μg/m^3
Sensor 1,2024-11-06 14:37:44,220.9 μg/m^3
Sensor 1,2024-11-06 14:38:44,165.4 μg/m^3
Sensor 1,2024-11-06 14:39:44,409.5 μg/m^3
Sensor 1,2024-11-06 14:40:44,625.9 μg/m^3
Sensor 1,2024-11-06 14:41:44,483.1 μg/m^3
Sensor 1,2024-11-06 14:42:44,3.1 μg/m^3
Sensor 1,2024-11-06 14:43:44,243.4 μg/m^3
Sensor 1,2024-11-06 14:44:44,457.7 μg/m^3
Sensor 1,2024-11-06 14:45:44,580.4 μg/m^3
Sensor 1,2024-11-06 14:46:44,570.7 μg/m^3
Sensor 1,2024-11-06 14:47:44,15.4 μg/m^3
Sensor 1,2024-11-06 14:48:44,554.3 μg/m^3
Sensor 1,2024-11-06 14:49:44,556.9 μg/m^3
Sensor 1,2024-11-06 14:50:44,213.5 μg/m^3
Sensor 1,2024-11-06 14:51:44,611.9 μg/m^3
Sensor 1,2024-11-06 14:52:44,54.9 μg/m^3
Sensor 1,2024-11-06 14:53:44,155.5 μg/m^3
Sensor 1,2024-11-06 14:54:44,598.4 μg/m^3
Sensor 1,2024-11-06 14:55:44,593.4 μg/m^3
Sensor 1,2024-11-06 14:56:44,515.4 μg/m^3
Sensor 1,2024-11-06 14:57:44,286.6 μg/m^3
Sensor 1,2024-11-06 14:58:44,126.0 μg/m^3
Sensor 1,2024-11-06 14:59:44,216.5 μg/m^3
Sensor 1,2024-11-06 15:00:44,277.4 μg/m^3
Sensor 1,2024-11-06 15:01:44,329.9 μg/m^3
Sensor 1,2024-11-06 15:02:44,571.9 μg/m^3
Sensor 1,2024-11-06 15:03:44,739.9 μg/m^3
Sensor 1,2024-11-06 15:04:44,764.0 μg/m^3
Sensor 1,2024-11-06 15:05:44,340.1 μg/m^3
Sensor 1,2024-11-06 15:06:44,265.0 μg/m^3
Sensor 1,2024-11-06 15:07:44,761.0 μg/m^3
Sensor 1,2024-11-06 15:08:44,738.7 μg/m^3
Sensor 1,2024-11-06 15:09:44,661.7 μg/m^3
Sensor 1,2024-11-06 15:10:44,721.2 μg/m^3
Sensor 1,2024-11-06 15:11:44,692.5 μg/m^3
Sensor 1,2024-11-06 15:12:44,238.1 μg/m^3
Sensor 1,2024-11-06 15:13:44,674.4 μg/m^3
Sensor 1,2024-11-06 15:14:44,646.7 μg/m^3
Sensor 1,2024-11-06 15:15:44,52.9 μg/m^3
Sensor 1,2024-11-06 15:16:44,310.8 μg/m^3
Sensor 1,2024-11-06 15:17:44,330.7 μg/m^3
Sensor 1,2024-11-06 15:18:44,723.4 μg/m^3
Sensor 1,2024-11-06 15:19:44,663.8 μg/m^3
Sensor 1,2024-11-06 15:20:44,575.4 μg/m^3
Sensor 1,2024-11-06 15:21:44,609.9 μg/m^3
Sensor 1,2024-11-06 15:22:44,714.9 μg/m^3
Sensor 1,2024-11-06 15:23:44,579.7 μg/m^3
Sensor 1,2024-11-06 15:24:44,163.3 μg/m^3
Sensor 1,2024-11-06 15:25:44,569.4 μg/m^3
Sensor 1,2024-11-06 15:26:44,451.6 μg/m^3
Sensor 1,2024-11-06 15:27:44,799.0 μg/m^3
Sensor 1,2024-11-06 15:28:44,362.6 μg/m^3
Sensor 1,2024-11-06 15:29:44,376.4 μg/m^3
Sensor 1,2024-11-06 15:30:44,410.0 μg/m^3
Sensor 1,2024-11-06 15:31:44,242.9 μg/m^3
Sensor 1,2024-11-06 15:32:44,276.4 μg/m^3
Sensor 1,2024-11-06 15:33:44,453.0 μg/m^3
Sensor 1,2024-11-06 15:34:44,792.9 μg/m^3
Sensor 1,2024-11-06 15:35:44,252.9 μg/m^3
Sensor 1,2024-11-06 15:36:44,694.7 μg/m^3
Sensor 1,2024-11-06 15:37:44,483.0 μg/m^3
Sensor 1,2024-11-06 15:38:44,123.6 μg/m^3
Sensor 1,2024-11-06 15:39:44,458.8 μg/m^3
Sensor 1,2024-11-06 15:40:44,98.5 μg/m^3
Sensor 1,2024-11-06 15:41:44,72.5 μg/m^3
Sensor 1,2024-11-06 15:42:44,34.0 μg/m^3
Sensor 1,2024-11-06 15:43:44,749.0 μg/m^3
Sensor 1,2024-11-06 15:44:44,625.6 μg/m^3
Sensor 1,2024-11-06 15:45:44,465.2 μg/m^3
Sensor 1,2024-11-06 15:46:44,33.5 μg/m^3
Sensor 1,2024-11-06 15:47:44,112.5 μg/m^3
Sensor 1,2024-11-06 15:48:44,449.7 μg/m^3
Sensor 1,2024-11-06 15:49:44,574.0 μg/m^3
Sensor 1,2024-11-06 15:50:44,375.0 μg/m^3
Sensor 1,2024-11-06 15:51:44,569.0 μg/m^3
Sensor 1,2024-11-06 15:52:44,534.8 μg/m^3
Sensor 1,2024-11-06 15:53:44,138.5 μg/m^3
Sensor 1,2024-11-06 15:54:44,77.3 μg/m^3
Sensor 1,2024-11-06 15:55:44,553.6 μg/m^3
Sensor 1,2024-11-06 15:56:44,427.1 μg/m^3
Sensor 1,2024-11-06 15:57:44,491.3 μg/m^3
Sensor 1,2024-11-06 15:58:44,410.7 μg/m^3
Sensor 1,2024-11-06 15:59:44,532.0 μg/m^3
Sensor 1,2024-11-06 16:00:44,379.7 μg/m^3
Sensor 1,2024-11-06 16:01:44,194.6 μg/m^3
Sensor 1,2024-11-06 16:02:44,754.4 μg/m^3
Sensor 1,2024-11-06 16:03:44,216.0 μg/m^3
Sensor 1,2024-11-06 16:04:44,280.8 μg/m^3
Sensor 1,2024-11-06 16:05:44,263.4 μg/m^3
Sensor 1,2024-11-06 16:06:44,710.0 μg/m^3
Sensor 1,2024-11-06 16:07:44,555.5 μg/m^3
Sensor 1,2024-11-06 16:08:44,757.4 μg/m^3
Sensor 1,2024-11-06 16:09:44,273.9 μg/m^3
Sensor 1,2024-11-06 16:10:44,70.9 μg/m^3
Sensor 1,2024-11-06 16:11:44,128.0 μg/m^3
Sensor 1,2024-11-06 16:12:44,774.5 μg/m^3
Sensor 1,2024-11-06 16:13:44,681.2 μg/m^3
Sensor 1,2024-11-06 16:14:44,546.0 μg/m^3
Sensor 1,2024-11-06 16:15:44,624.4 μg/m^3
Sensor 1,2024-11-06 16:16:44,717.7 μg/m^3
Sensor 1,2024-11-06 16:17:44,227.5 μg/m^3
Sensor 1,2024-11-06 16:18:44,266.4 μg/m^3
Sensor 1,2024-11-06 16:19:44,38.9 μg/m^3
Sensor 1,2024-11-06 16:20:44,519.6 μg/m^3
Sensor 1,2024-11-06 16:21:44,69.9 μg/m^3
Sensor 1,2024-11-06 16:22:44,560.0 μg/m^3
Sensor 1,2024-11-06 16:23:44,723.9 μg/m^3
Sensor 1,2024-11-06 16:24:44,749.9 μg/m^3
Sensor 1,2024-11-06 16:25:44,38.7 μg/m^3
Sensor 1,2024-11-06 16:26:44,167.2 μg/m^3
Sensor 1,2024-11-06 16:27:44,783.2 μg/m^3
Sensor 1,2024-11-06 16:28:44,498.1 μg/m^3
Sensor 1,2024-11-06 16:29:44,337.7 μg/m^3
Sensor 1,2024-11-06 16:30:44,44.8 μg/m^3
Sensor 1,2024-11-06 16:31:44,74.8 μg/m^3
Sensor 1,2024-11-06 16:32:44,614.7 μg/m^3
Sensor 1,2024-11-06 16:33:44,74.4 μg/m^3
Sensor 1,2024-11-06 16:34:44,331.6 μg/m^3
Sensor 1,2024-11-06 16:35:44,8.5 μg/m^3
Sensor 1,2024-11-06 16:36:44,538.9 μg/m^3
Sensor 1,2024-11-06 16:37:44,24.6 μg/m^3
Sensor 1,2024-11-06 16:38:44,199.1 μg/m^3
Sensor 1,2024-11-06 16:39:44,286.3 μg/m^3
Sensor 1,2024-11-06 16:40:44,444.2 μg/m^3
Sensor 1,2024-11-06 16:41:44,149.5 μg/m^3
Sensor 1,2024-11-06 16:42:44,33.6 μg/m^3
Sensor 1,2024-11-06 16:43:44,312.7 μg/m^3
Sensor 1,2024-11-06 16:44:44,88.3 μg/m^3
Sensor 1,2024-11-06 16:45:44,140.4 μg/m^3
Sensor 1,2024-11-06 16:46:44,629.8 μg/m^3
Sensor 1,2024-11-06 16:47:44,38.1 μg/m^3
Sensor 1,2024-11-06 16:48:44,575.6 μg/m^3
Sensor 1,2024-11-06 16:49:44,26.6 μg/m^3
Sensor 1,2024-11-06 16:50:44,140.2 μg/m^3
Sensor 1,2024-11-06 16:51:44,531.7 μg/m^3
Sensor 1,2024-11-06 16:52:44,153.6 μg/m^3
Sensor 1,2024-11-06 16:53:44,509.4 μg/m^3
Sensor 1,2024-11-06 16:54:44,795.7 μg/m^3
Sensor 1,2024-11-06 16:55:44,118.4 μg/m^3
Sensor 1,2024-11-06 16:56:44,40.5 μg/m^3
Sensor 1,2024-11-06 16:57:44,670.2 μg/m^3
Sensor 1,2024-11-06 16:58:44,495.6 μg/m^3
Sensor 1,2024-11-06 16:59:44,124.6 μg/m^3
Sensor 1,2024-11-06 17:00:44,15.7 μg/m^3
Sensor 1,2024-11-06 17:01:44,180.2 μg/m^3
Sensor 1,2024-11-06 17:02:44,606.5 μg/m^3
Sensor 1,2024-11-06 17:03:44,183.9 μg/m^3
Sensor 1,2024-11-06 17:04:44,112.4 μg/m^3
Sensor 1,2024-11-06 17:05:44,765.6 μg/m^3
Sensor 1,2024-11-06 17:06:44,188.2 μg/m^3
Sensor 1,2024-11-06 17:07:44,728.8 μg/m^3
Sensor 1,2024-11-06 17:08:44,68.4 μg/m^3
Sensor 1,2024-11-06 17:09:44,607.6 μg/m^3
Sensor 1,2024-11-06 17:10:44,19.5 μg/m^3
Sensor 1,2024-11-06 17:11:44,539.5 μg/m^3
Sensor 1,2024-11-06 17:12:44,226.3 μg/m^3
Sensor 1,2024-11-06 17:13:44,545.0 μg/m^3
Sensor 1,2024-11-06 17:14:44,631.2 μg/m^3
Sensor 1,2024-11-06 17:15:44,162.9 μg/m^3
Sensor 1,2024-11-06 17:16:44,150.1 μg/m^3
Sensor 1,2024-11-06 17:17:44,216.3 μg/m^3
Sensor 1,2024-11-06 17:18:44,493.9 μg/m^3
Sensor 1,2024-11-06 17:19:44,59.6 μg/m^3
Sensor 1,2024-11-06 17:20:44,286.3 μg/m^3
Sensor 1,2024-11-06 17:21:44,496.5 μg/m^3
Sensor 1,2024-11-06 17:22:44,324.3 μg/m^3
Sensor 1,2024-11-06 17:23:44,60.5 μg/m^3
Sensor 1,2024-11-06 17:24:44,725.5 μg/m^3
Sensor 1,2024-11-06 17:25:44,343.3 μg/m^3
Sensor 1,2024-11-06 17:26:44,606.7 μg/m^3
Sensor 1,2024-11-06 17:27:44,45.5 μg/m^3
Sensor 1,2024-11-06 17:28:44,452.7 μg/m^3
Sensor 1,2024-11-06 17:29:44,561.5 μg/m^3
Sensor 1,2024-11-06 17:30:44,619.0 μg/m^3
Sensor 1,2024-11-06 17:31:44,651.7 μg/m^3
Sensor 1,2024-11-06 17:32:44,360.3 μg/m^3
Sensor 1,2024-11-06 17:33:44,544.5 μg/m^3
Sensor 1,2024-11-06 17:34:44,460.5 μg/m^3
Sensor 1,2024-11-06 17:35:44,641.8 μg/m^3
Sensor 1,2024-11-06 17:36:44,2.3 μg/m^3
Sensor 1,2024-11-06 17:37:44,310.3 μg/m^3
Sensor 1,2024-11-06 17:38:44,616.1 μg/m^3
Sensor 1,2024-11-06 17:39:44,796.8 μg/m^3
Sensor 1,2024-11-06 17:40:44,275.3 μg/m^3
Sensor 1,2024-11-06 17:41:44,137.8 μg/m^3
Sensor 1,2024-11-06 17:42:44,290.1 μg/m^3
Sensor 1,2024-11-06 17:43:44,177.5 μg/m^3
Sensor 1,2024-11-06 17:44:44,600.7 μg/m^3
Sensor 1,2024-11-06 17:45:44,482.8 μg/m^3
Sensor 1,2024-11-06 17:46:44,509.6 μg/m^3
Sensor 1,2024-11-06 17:47:44,370.1 μg/m^3
Sensor 1,2024-11-06 17:48:44,10.1 μg/m^3
Sensor 1,2024-11-06 17:49:44,424.0 μg/m^3
Sensor 1,2024-11-06 17:50:44,430.5 μg/m^3
Sensor 1,2024-11-06 17:51:44,555.9 μg/m^3
Sensor 1,2024-11-06 17:52:44,686.7 μg/m^3
Sensor 1,2024-11-06 17:53:44,287.9 μg/m^3
Sensor 1,2024-11-06 17:54:44,580.0 μg/m^3
Sensor 1,2024-11-06 17:55:44,272.4 μg/m^3
Sensor 1,2024-11-06 17:56:44,549.2 μg/m^3
Sensor 1,2024-11-06 17:57:44,571.9 μg/m^3
Sensor 1,2024-11-06 17:58:44,629.9 μg/m^3
Sensor 1,2024-11-06 17:59:44,519.3 μg/m^3
Sensor 1,2024-11-06 18:00:44,134.4 μg/m^3
Sensor 1,2024-11-06 18:01:44,257.9 μg/m^3
Sensor 1,2024-11-06 18:02:44,367.8 μg/m^3
Sensor 1,2024-11-06 18:03:44,720.6 μg/m^3
Sensor 1,2024-11-06 18:04:44,728.9 μg/m^3
Sensor 1,2024-11-06 18:05:44,164.0 μg/m^3
Sensor 1,2024-11-06 18:06:44,302.4 μg/m^3
Sensor 1,2024-11-06 18:07:44,28.5 μg/m^3
Sensor 1,2024-11-06 18:08:44,257.7 μg/m^3
Sensor 1,2024-11-06 18:09:44,367.6 μg/m^3
Sensor 1,2024-11-06 18:10:44,199.3 μg/m^3
Sensor 1,2024-11-06 18:11:44,21.1 μg/m^3
Sensor 1,2024-11-06 18:12:44,229.4 μg/m^3
Sensor 1,2024-11-06 18:13:44,395.5 μg/m^3
Sensor 1,2024-11-06 18:14:44,183.8 μg/m^3
Sensor 1,2024-11-06 18:15:44,442.2 μg/m^3
Sensor 1,2024-11-06 18:16:44,643.2 μg/m^3
Sensor 1,2024-11-06 18:17:44,507.3 μg/m^3
Sensor 1,2024-11-06 18:18:44,531.3 μg/m^3
Sensor 1,2024-11-06 18:19:44,308.6 μg/m^3
Sensor 1,2024-11-06 18:20:44,459.5 μg/m^3
Sensor 1,2024-11-06 18:21:44,85.8 μg/m^3
Sensor 1,2024-11-06 18:22:44,91.1 μg/m^3
Sensor 1,2024-11-06 18:23:44,496.4 μg/m^3
Sensor 1,2024-11-06 18:24:44,544.9 μg/m^3
Sensor 1,2024-11-06 18:25:44,297.1 μg/m^3
Sensor 1,2024-11-06 18:26:44,295.9 μg/m^3
Sensor 1,2024-11-06 18:27:44,584.8 μg/m^3
Sensor 1,2024-11-06 18:28:44,326.9 μg/m^3
Sensor 1,2024-11-06 18:29:44,555.4 μg/m^3
Sensor 1,2024-11-06 18:30:44,556.2 μg/m^3
Sensor 1,2024-11-06 18:31:44,579.9 μg/m^3
Sensor 1,2024-11-06 18:32:44,689.2 μg/m^3
Sensor 1,2024-11-06 18:33:44,226.7 μg/m^3
Sensor 1,2024-11-06 18:34:44,341.6 μg/m^3
Sensor 1,2024-11-06 18:35:44,76.2 μg/m^3
Sensor 1,2024-11-06 18:36:44,229.8 μg/m^3
Sensor 1,2024-11-06 18:37:44,626.8 μg/m^3
Sensor 1,2024-11-06 18:38:44,110.7 μg/m^3
Sensor 1,2024-11-06 18:39:44,521.6 μg/m^3
Sensor 1,2024-11-06 18:40:44,612.5 μg/m^3
Sensor 1,2024-11-06 18:41:44,118.4 μg/m^3
Sensor 1,2024-11-06 18:42:44,348.9 μg/m^3
Sensor 1,2024-11-06 18:43:44,322.5 μg/m^3
Sensor 1,2024-11-06 18:44:44,93.9 μg/m^3
Sensor 1,2024-11-06 18:45:44,415.5 μg/m^3
Sensor 1,2024-11-06 18:46:44,139.0 μg/m^3
Sensor 1,2024-11-06 18:47:44,419.8 μg/m^3
Sensor 1,2024-11-06 18:48:44,255.5 μg/m^3
Sensor 1,2024-11-06 18:49:44,55.7 μg/m^3
Sensor 1,2024-11-06 18:50:44,156.2 μg/m^3
Sensor 1,2024-11-06 18:51:44,17.1 μg/m^3
Sensor 1,2024-11-06 18:52:44,676.9 μg/m^3
Sensor 1,2024-11-06 18:53:44,655.4 μg/m^3
Sensor 1,2024-11-06 18:54:44,734.4 μg/m^3
Sensor 1,2024-11-06 18:55:44,772.0 μg/m^3
Sensor 1,2024-11-06 18:56:44,178.7 μg/m^3
Sensor 1,2024-11-06 18:57:44,84.0 μg/m^3
Sensor 1,2024-11-06 18:58:44,200.3 μg/m^3
Sensor 1,2024-11-06 18:59:44,621.1 μg/m^3
Sensor 1,2024-11-06 19:00:44,253.9 μg/m^3
Sensor 1,2024-11-06 19:01:44,32.1 μg/m^3
Sensor 1,2024-11-06 19:02:44,389.3 μg/m^3
Sensor 1,2024-11-06 19:03:44,312.4 μg/m^3
Sensor 1,2024-11-06 19:04:44,470.1 μg/m^3
Sensor 1,2024-11-06 19:05:44,475.3 μg/m^3
Sensor 1,2024-11-06 19:06:44,461.1 μg/m^3
Sensor 1,2024-11-06 19:07:44,651.6 μg/m^3
Sensor 1,2024-11-06 19:08:44,665.2 μg/m^3
Sensor 1,2024-11-06 19:09:44,51.7 μg/m^3
Sensor 1,2024-11-06 19:10:44,23.9 μg/m^3
Sensor 1,2024-11-06 19:11:44,277.8 μg/m^3
Sensor 1,2024-11-06 19:12:44,521.2 μg/m^3
Sensor 1,2024-11-06 19:13:44,683.7 μg/m^3
Sensor 1,2024-11-06 19:14:44,768.5 μg/m^3
Sensor 1,2024-11-06 19:15:44,780.3 μg/m^3
Sensor 1,2024-11-06 19:16:44,743.6 μg/m^3
Sensor 1,2024-11-06 19:17:44,792.7 μg/m^3
Sensor 1,2024-11-06 19:18:44,524.3 μg/m^3
Sensor 1,2024-11-06 19:19:44,775.9 μg/m^3
Sensor 1,2024-11-06 19:20:44,394.8 μg/m^3
Sensor 1,2024-11-06 19:21:44,429.2 μg/m^3
Sensor 1,2024-11-06 19:22:44,642.3 μg/m^3
Sensor 1,2024-11-06 19:23:44,770.3 μg/m^3
Sensor 1,2024-11-06 19:24:44,58.1 μg/m^3
Sensor 1,2024-11-06 19:25:44,117.2 μg/m^3
Sensor 1,2024-11-06 19:26:44,501.9 μg/m^3
Sensor 1,2024-11-06 19:27:44,347.0 μg/m^3
Sensor 1,2024-11-06 19:28:44,161.3 μg/m^3
Sensor 1,2024-11-06 19:29:44,7.1 μg/m^3
Sensor 1,2024-11-06 19:30:44,571.8 μg/m^3
Sensor 1,2024-11-06 19:31:44,593.3 μg/m^3
Sensor 1,2024-11-06 19:32:44,437.1 μg/m^3
Sensor 1,2024-11-06 19:33:44,71.9 μg/m^3
Sensor 1,2024-11-06 19:34:44,139.5 μg/m^3
Sensor 1,2024-11-06 19:35:44,734.0 μg/m^3
Sensor 1,2024-11-06 19:36:44,255.9 μg/m^3
Sensor 1,2024-11-06 19:37:44,627.4 μg/m^3
Sensor 1,2024-11-06 19:38:44,692.2 μg/m^3
Sensor 1,2024-11-06 19:39:44,662.5 μg/m^3
Sensor 1,2024-11-06 19:40:44,471.7 μg/m^3
Sensor 1,2024-11-06 19:41:44,136.3 μg/m^3
Sensor 1,2024-11-06 19:42:44,340.1 μg/m^3
Sensor 1,2024-11-06 19:43:44,98.3 μg/m^3
Sensor 1,2024-11-06 19:44:44,569.9 μg/m^3
Sensor 1,2024-11-06 19:45:44,477.1 μg/m^3
Sensor 1,2024-11-06 19:46:44,406.3 μg/m^3
Sensor 1,2024-11-06 19:47:44,262.3 μg/m^3
Sensor 1,2024-11-06 19:48:44,717.3 μg/m^3
Sensor 1,2024-11-06 19:49:44,671.3 μg/m^3
Sensor 1,2024-11-06 19:50:44,38.9 μg/m^3
Sensor 1,2024-11-06 19:51:44,97.0 μg/m^3
Sensor 1,2024-11-06 19:52:44,214.8 μg/m^3
Sensor 1,2024-11-06 19:53:44,603.2 μg/m^3
Sensor 1,2024-11-06 19:54:44,16.2 μg/m^3
Sensor 1,2024-11-06 19:55:44,277.9 μg/m^3
Sensor 1,2024-11-06 19:56:44,463.3 μg/m^3
Sensor 1,2024-11-06 19:57:44,34.0 μg/m^3
Sensor 1,2024-11-06 19:58:44,19.0 μg/m^3
Sensor 1,2024-11-06 19:59:44,488.9 μg/m^3
Sensor 1,2024-11-06 20:00:44,62.4 μg/m^3
Sensor 1,2024-11-06 20:01:44,688.4 μg/m^3
Sensor 1,2024-11-06 20:02:44,134.3 μg/m^3
Sensor 1,2024-11-06 20:03:44,425.5 μg/m^3
Sensor 1,2024-11-06 20:04:44,323.7 μg/m^3
Sensor 1,2024-11-06 20:05:44,598.9 μg/m^3
Sensor 1,2024-11-06 20:06:44,624.2 μg/m^3
Sensor 1,2024-11-06 20:07:44,477.0 μg/m^3
Sensor 1,2024-11-06 20:08:44,433.9 μg/m^3
Sensor 1,2024-11-06 20:09:44,152.1 μg/m^3
Sensor 1,2024-11-06 20:10:44,322.2 μg/m^3
Sensor 1,2024-11-06 20:11:44,513.1 μg/m^3
Sensor 1,2024-11-06 20:12:44,132.5 μg/m^3
Sensor 1,2024-11-06 20:13:44,61.5 μg/m^3
Sensor 1,2024-11-06 20:14:44,640.7 μg/m^3
Sensor 1,2024-11-06 20:15:44,534.8 μg/m^3
Sensor 1,2024-11-06 20:16:44,570.5 μg/m^3
Sensor 1,2024-11-06 20:17:44,81.8 μg/m^3
Sensor 1,2024-11-06 20:18:44,85.4 μg/m^3
Sensor 1,2024-11-06 20:19:44,548.8 μg/m^3
Sensor 1,2024-11-06 20:20:44,447.3 μg/m^3
Sensor 1,2024-11-06 20:21:44,755.7 μg/m^3
Sensor 1,2024-11-06 20:22:44,171.2 μg/m^3
Sensor 1,2024-11-06 20:23:44,643.8 μg/m^3
Sensor 1,2024-11-06 20:24:44,77.2 μg/m^3
Sensor 1,2024-11-06 20:25:44,541.0 μg/m^3
Sensor 1,2024-11-06 20:26:44,502.6 μg/m^3
Sensor 1,2024-11-06 20:27:44,114.8 μg/m^3
Sensor 1,2024-11-06 20:28:44,692.8 μg/m^3
Sensor 1,2024-11-06 20:29:44,252.7 μg/m^3
Sensor 1,2024-11-06 20:30:44,223.3 μg/m^3
Sensor 1,2024-11-06 20:31:44,385.9 μg/m^3
Sensor 1,2024-11-06 20:32:44,736.3 μg/m^3
Sensor 1,2024-11-06 20:33:44,42.5 μg/m^3
Sensor 1,2024-11-06 20:34:44,780.5 μg/m^3
Sensor 1,2024-11-06 20:35:44,477.1 μg/m^3
Sensor 1,2024-11-06 20:36:44,378.2 μg/m^3
Sensor 1,2024-11-06 20:37:44,544.7 μg/m^3
Sensor 1,2024-11-06 20:38:44,573.0 μg/m^3
Sensor 1,2024-11-06 20:39:44,706.0 μg/m^3
Sensor 1,2024-11-06 20:40:44,311.2 μg/m^3
Sensor 1,2024-11-06 20:41:44,688.4 μg/m^3
Sensor 1,2024-11-06 20:42:44,512.8 μg/m^3
Sensor 1,2024-11-06 20:43:44,472.3 μg/m^3
Sensor 1,2024-11-06 20:44:44,765.7 μg/m^3
Sensor 1,2024-11-06 20:45:44,186.7 μg/m^3
Sensor 1,2024-11-06 20:46:44,360.9 μg/m^3
Sensor 1,2024-11-06 20:47:44,441.3 μg/m^3
Sensor 1,2024-11-06 20:48:44,513.8 μg/m^3
Sensor 1,2024-11-06 20:49:44,573.7 μg/m^3
Sensor 1,2024-11-06 20:50:44,673.6 μg/m^3
Sensor 1,2024-11-06 20:51:44,654.9 μg/m^3
Sensor 1,2024-11-06 20:52:44,353.6 μg/m^3
Sensor 1,2024-11-06 20:53:44,528.2 μg/m^3
Sensor 1,2024-11-06 20:54:44,739.6 μg/m^3
Sensor 1,2024-11-06 20:55:44,426.2 μg/m^3
Sensor 1,2024-11-06 20:56:44,369.9 μg/m^3
Sensor 1,2024-11-06 20:57:44,50.9 μg/m^3
Sensor 1,2024-11-06 20:58:44,294.5 μg/m^3
Sensor 1,2024-11-06 20:59:44,691.3 μg/m^3
Sensor 1,2024-11-06 21:00:44,258.5 μg/m^3
Sensor 1,2024-11-06 21:01:44,121.4 μg/m^3
Sensor 1,2024-11-06 21:02:44,382.8 μg/m^3
Sensor 1,2024-11-06 21:03:44,652.8 μg/m^3
Sensor 1,2024-11-06 21:04:44,510.4 μg/m^3
Sensor 1,2024-11-06 21:05:44,706.7 μg/m^3
Sensor 1,2024-11-06 21:06:44,753.3 μg/m^3
Sensor 1,2024-11-06 21:07:44,95.7 μg/m^3
Sensor 1,2024-11-06 21:08:44,252.7 μg/m^3
Sensor 1,2024-11-06 21:09:44,742.8 μg/m^3
Sensor 1,2024-11-06 21:10:44,169.8 μg/m^3
Sensor 1,2024-11-06 21:11:44,353.8 μg/m^3
Sensor 1,2024-11-06 21:12:44,403.2 μg/m^3
Sensor 1,2024-11-06 21:13:44,61.8 μg/m^3
Sensor 1,2024-11-06 21:14:44,718.1 μg/m^3
Sensor 1,2024-11-06 21:15:44,215.2 μg/m^3
Sensor 1,2024-11-06 21:16:44,506.2 μg/m^3
Sensor 1,2024-11-06 21:17:44,602.4 μg/m^3
Sensor 1,2024-11-06 21:18:44,278.1 μg/m^3
Sensor 1,2024-11-06 21:19:44,440.4 μg/m^3
Sensor 1,2024-11-06 21:20:44,263.9 μg/m^3
Sensor 1,2024-11-06 21:21:44,168.5 μg/m^3
Sensor 1,2024-11-06 21:22:44,760.3 μg/m^3
Sensor 1,2024-11-06 21:23:44,108.1 μg/m^3
Sensor 1,2024-11-06 21:24:44,120.5 μg/m^3
Sensor 1,2024-11-06 21:25:44,2.6 μg/m^3
Sensor 1,2024-11-06 21:26:44,122.4 μg/m^3
Sensor 1,2024-11-06 21:27:44,405.2 μg/m^3
Sensor 1,2024-11-06 21:28:44,630.1 μg/m^3
Sensor 1,2024-11-06 21:29:44,158.3 μg/m^3
Sensor 1,2024-11-06 21:30:44,183.1 μg/m^3
Sensor 1,2024-11-06 21:31:44,376.5 μg/m^3
Sensor 1,2024-11-06 21:32:44,718.9 μg/m^3
Sensor 1,2024-11-06 21:33:44,396.3 μg/m^3
Sensor 1,2024-11-06 21:34:44,572.5 μg/m^3
Sensor 1,2024-11-06 21:35:44,549.0 μg/m^3
Sensor 1,2024-11-06 21:36:44,138.0 μg/m^3
Sensor 1,2024-11-06 21:37:44,57.4 μg/m^3
Sensor 1,2024-11-06 21:38:44,512.1 μg/m^3
Sensor 1,2024-11-06 21:39:44,741.3 μg/m^3
Sensor 1,2024-11-06 21:40:44,539.9 μg/m^3
Sensor 1,2024-11-06 21:41:44,386.8 μg/m^3
Sensor 1,2024-11-06 21:42:44,711.1 μg/m^3
Sensor 1,2024-11-06 21:43:44,656.0 μg/m^3
Sensor 1,2024-11-06 21:44:44,374.9 μg/m^3
Sensor 1,2024-11-06 21:45:44,96.9 μg/m^3
Sensor 1,2024-11-06 21:46:44,589.8 μg/m^3
Sensor 1,2024-11-06 21:47:44,234.8 μg/m^3
Sensor 1,2024-11-06 21:48:44,753.4 μg/m^3
Sensor 1,2024-11-06 21:49:44,253.4 μg/m^3
Sensor 1,2024-11-06 21:50:44,70.6 μg/m^3
Sensor 1,2024-11-06 21:51:44,334.1 μg/m^3
Sensor 1,2024-11-06 21:52:44,16.4 μg/m^3
Sensor 1,2024-11-06 21:53:44,280.8 μg/m^3
Sensor 1,2024-11-06 21:54:44,427.1 μg/m^3
Sensor 1,2024-11-06 21:55:44,700.5 μg/m^3
Sensor 1,2024-11-06 21:56:44,449.3 μg/m^3
Sensor 1,2024-11-06 21:57:44,523.7 μg/m^3
Sensor 1,2024-11-06 21:58:44,781.4 μg/m^3
Sensor 1,2024-11-06 21:59:44,415.0 μg/m^3
Sensor 1,2024-11-06 22:00:44,650.4 μg/m^3
Sensor 1,2024-11-06 22:01:44,133.7 μg/m^3
Sensor 1,2024-11-06 22:02:44,281.0 μg/m^3
Sensor 1,2024-11-06 22:03:44,681.2 μg/m^3
Sensor 1,2024-11-06 22:04:44,113.8 μg/m^3
Sensor 1,2024-11-06 22:05:44,764.2 μg/m^3
Sensor 1,2024-11-06 22:06:44,303.5 μg/m^3
Sensor 1,2024-11-06 22:07:44,189.6 μg/m^3
Sensor 1,2024-11-06 22:08:44,704.2 μg/m^3
Sensor 1,2024-11-06 22:09:44,765.0 μg/m^3
Sensor 1,2024-11-06 22:10:44,66.6 μg/m^3
Sensor 1,2024-11-06 22:11:44,156.1 μg/m^3
Sensor 1,2024-11-06 22:12:44,220.3 μg/m^3
Sensor 1,2024-11-06 22:13:44,648.8 μg/m^3
Sensor 1,2024-11-06 22:14:44,299.9 μg/m^3
Sensor 1,2024-11-06 22:15:44,45.5 μg/m^3
Sensor 1,2024-11-06 22:16:44,793.7 μg/m^3
Sensor 1,2024-11-06 22:17:44,710.6 μg/m^3
Sensor 1,2024-11-06 22:18:44,548.6 μg/m^3
Sensor 1,2024-11-06 22:19:44,430.0 μg/m^3
Sensor 1,2024-11-06 22:20:44,570.5 μg/m^3
Sensor 1,2024-11-06 22:21:44,292.3 μg/m^3
Sensor 1,2024-11-06 22:22:44,452.9 μg/m^3
Sensor 1,2024-11-06 22:23:44,245.0 μg/m^3
Sensor 1,2024-11-06 22:24:44,69.2 μg/m^3
Sensor 1,2024-11-06 22:25:44,188.4 μg/m^3
Sensor 1,2024-11-06 22:26:44,182.8 μg/m^3
Sensor 1,2024-11-06 22:27:44,430.3 μg/m^3
Sensor 1,2024-11-06 22:28:44,352.4 μg/m^3
Sensor 1,2024-11-06 22:29:44,690.4 μg/m^3
Sensor 1,2024-11-06 22:30:44,461.1 μg/m^3
Sensor 1,2024-11-06 22:31:44,763.6 μg/m^3
Sensor 1,2024-11-06 22:32:44,172.8 μg/m^3
Sensor 1,2024-11-06 22:33:44,388.0 μg/m^3
Sensor 1,2024-11-06 22:34:44,745.9 μg/m^3
Sensor 1,2024-11-06 22:35:44,122.1 μg/m^3
Sensor 1,2024-11-06 22:36:44,130.2 μg/m^3
Sensor 1,2024-11-06 22:37:44,490.2 μg/m^3
Sensor 1,2024-11-06 22:38:44,46.4 μg/m^3
Sensor 1,2024-11-06 22:39:44,10.7 μg/m^3
Sensor 1,2024-11-06 22:40:44,43.4 μg/m^3
Sensor 1,2024-11-06 22:41:44,391.5 μg/m^3
Sensor 1,2024-11-06 22:42:44,119.0 μg/m^3
Sensor 1,2024-11-06 22:43:44,100.3 μg/m^3
Sensor 1,2024-11-06 22:44:44,167.8 μg/m^3
Sensor 1,2024-11-06 22:45:44,679.0 μg/m^3
Sensor 1,2024-11-06 22:46:44,323.0 μg/m^3
Sensor 1,2024-11-06 22:47:44,705.7 μg/m^3
Sensor 1,2024-11-06 22:48:44,729.1 μg/m^3
Sensor 1,2024-11-06 22:49:44,483.8 μg/m^3
Sensor 1,2024-11-06 22:50:44,565.5 μg/m^3
Sensor 1,2024-11-06 22:51:44,564.7 μg/m^3
Sensor 1,2024-11-06 22:52:44,761.6 μg/m^3
Sensor 1,2024-11-06 22:53:44,726.3 μg/m^3
Sensor 1,2024-11-06 22:54:44,775.7 μg/m^3
Sensor 1,2024-11-06 22:55:44,122.6 μg/m^3
Sensor 1,2024-11-06 22:56:44,593.6 μg/m^3
Sensor 1,2024-11-06 22:57:44,538.6 μg/m^3
Sensor 1,2024-11-06 22:58:44,428.5 μg/m^3
Sensor 1,2024-11-06 22:59:44,513.8 μg/m^3
Sensor 1,2024-11-06 23:00:44,735.9 μg/m^3
Sensor 1,2024-11-06 23:01:44,356.8 μg/m^3
Sensor 1,2024-11-06 23:02:44,190.0 μg/m^3
Sensor 1,2024-11-06 23:03:44,632.8 μg/m^3
Sensor 1,2024-11-06 23:04:44,147.6 μg/m^3
Sensor 1,2024-11-06 23:05:44,300.9 μg/m^3
Sensor 1,2024-11-06 23:06:44,256.9 μg/m^3
Sensor 1,2024-11-06 23:07:44,433.8 μg/m^3
Sensor 1,2024-11-06 23:08:44,765.8 μg/m^3
Sensor 1,2024-11-06 23:09:44,247.1 μg/m^3
Sensor 1,2024-11-06 23:10:44,126.2 μg/m^3
Sensor 1,2024-11-06 23:11:44,45.7 μg/m^3
Sensor 1,2024-11-06 23:12:44,16.4 μg/m^3
Sensor 1,2024-11-06 23:13:44,345.5 μg/m^3
Sensor 1,2024-11-06 23:14:44,45.6 μg/m^3
Sensor 1,2024-11-06 23:15:44,292.9 μg/m^3
Sensor 1,2024-11-06 23:16:44,444.2 μg/m^3
Sensor 1,2024-11-06 23:17:44,311.3 μg/m^3
Sensor 1,2024-11-06 23:18:44,726.4 μg/m^3
Sensor 1,2024-11-06 23:19:44,569.5 μg/m^3
Sensor 1,2024-11-06 23:20:44,229.6 μg/m^3
Sensor 1,2024-11-06 23:21:44,319.1 μg/m^3
Sensor 1,2024-11-06 23:22:44,427.7 μg/m^3
Sensor 1,2024-11-06 23:23:44,114.5 μg/m^3
Sensor 1,2024-11-06 23:24:44,747.8 μg/m^3
Sensor 1,2024-11-06 23:25:44,340.5 μg/m^3
Sensor 1,2024-11-06 23:26:44,319.9 μg/m^3
Sensor 1,2024-11-06 23:27:44,313.4 μg/m^3
Sensor 1,2024-11-06 23:28:44,415.7 μg/m^3
Sensor 1,2024-11-06 23:29:44,71.3 μg/m^3
Sensor 1,2024-11-06 23:30:44,10.2 μg/m^3
Sensor 1,2024-11-06 23:31:44,773.2 μg/m^3
Sensor 1,2024-11-06 23:32:44,93.5 μg/m^3
Sensor 1,2024-11-06 23:33:44,60.6 μg/m^3
Sensor 1,2024-11-06 23:34:44,355.9 μg/m^3
Sensor 1,2024-11-06 23:35:44,631.0 μg/m^3
Sensor 1,2024-11-06 23:36:44,445.2 μg/m^3
Sensor 1,2024-11-06 23:37:44,545.5 μg/m^3
Sensor 1,2024-11-06 23:38:44,738.3 μg/m^3
Sensor 1,2024-11-06 23:39:44,433.3 μg/m^3
Sensor 1,2024-11-06 23:40:44,635.3 μg/m^3
Sensor 1,2024-11-06 23:41:44,362.1 μg/m^3
Sensor 1,2024-11-06 23:42:44,533.0 μg/m^3
Sensor 1,2024-11-06 23:43:44,307.2 μg/m^3
Sensor 1,2024-11-06 23:44:44,491.6 μg/m^3
Sensor 1,2024-11-06 23:45:44,698.8 μg/m^3
Sensor 1,2024-11-06 23:46:44,791.6 μg/m^3
Sensor 1,2024-11-06 23:47:44,12.3 μg/m^3
Sensor 1,2024-11-06 23:48:44,375.2 μg/m^3
Sensor 1,2024-11-06 23:49:44,634.5 μg/m^3
Sensor 1,2024-11-06 23:50:44,663.2 μg/m^3
Sensor 1,2024-11-06 23:51:44,291.4 μg/m^3
Sensor 1,2024-11-06 23:52:44,170.0 μg/m^3
Sensor 1,2024-11-06 23:53:44,659.6 μg/m^3
Sensor 1,2024-11-06 23:54:44,273.0 μg/m^3
Sensor 1,2024-11-06 23:55:44,667.5 μg/m^3
Sensor 1,2024-11-06 23:56:44,584.8 μg/m^3
Sensor 1,2024-11-06 23:57:44,204.2 μg/m^3
Sensor 1,2024-11-06 23:58:44,126.4 μg/m^3
Sensor 1,2024-11-06 23:59:44,190.6 μg/m^3
Sensor 1,2024-11-07 00:00:44,217.2 μg/m^3
Sensor 1,2024-11-07 00:01:44,419.7 μg/m^3
Sensor 1,2024-11-07 00:02:44,601.3 μg/m^3
Sensor 1,2024-11-07 00:03:44,95.3 μg/m^3
Sensor 1,2024-11-07 00:04:44,336.2 μg/m^3
Sensor 1,2024-11-07 00:05:44,565.2 μg/m^3
Sensor 1,2024-11-07 00:06:44,706.3 μg/m^3
Sensor 1,2024-11-07 00:07:44,87.4 μg/m^3
Sensor 1,2024-11-07 00:08:44,391.3 μg/m^3
Sensor 1,2024-11-07 00:09:44,763.8 μg/m^3
Sensor 1,2024-11-07 00:10:44,312.1 μg/m^3
Sensor 1,2024-11-07 00:11:44,326.0 μg/m^3
Sensor 1,2024-11-07 00:12:44,741.6 μg/m^3
Sensor 1,2024-11-07 00:13:44,93.5 μg/m^3
Sensor 1,2024-11-07 00:14:44,234.6 μg/m^3
Sensor 1,2024-11-07 00:15:44,176.2 μg/m^3
Sensor 1,2024-11-07 00:16:44,334.2 μg/m^3
Sensor 1,2024-11-07 00:17:44,645.3 μg/m^3
Sensor 1,2024-11-07 00:18:44,223.3 μg/m^3
Sensor 1,2024-11-07 00:19:44,1.4 μg/m^3
Sensor 1,2024-11-07 00:20:44,380.2 μg/m^3
Sensor 1,2024-11-07 00:21:44,715.5 μg/m^3
Sensor 1,2024-11-07 00:22:44,246.3 μg/m^3
Sensor 1,2024-11-07 00:23:44,428.4 μg/m^3
Sensor 1,2024-11-07 00:24:44,727.0 μg/m^3
Sensor 1,2024-11-07 00:25:44,269.9 μg/m^3
Sensor 1,2024-11-07 00:26:44,131.6 μg/m^3
Sensor 1,2024-11-07 00:27:44,93.7 μg/m^3
Sensor 1,2024-11-07 00:28:44,622.3 μg/m^3
Sensor 1,2024-11-07 00:29:44,164.8 μg/m^3
Sensor 1,2024-11-07 00:30:44,519.3 μg/m^3
Sensor 1,2024-11-07 00:31:44,324.7 μg/m^3
Sensor 1,2024-11-07 00:32:44,400.1 μg/m^3
Sensor 1,2024-11-07 00:33:44,662.1 μg/m^3
Sensor 1,2024-11-07 00:34:44,337.9 μg/m^3
Sensor 1,2024-11-07 00:35:44,355.8 μg/m^3
Sensor 1,2024-11-07 00:36:44,85.9 μg/m^3
Sensor 1,2024-11-07 00:37:44,193.7 μg/m^3
Sensor 1,2024-11-07 00:38:44,42.7 μg/m^3
Sensor 1,2024-11-07 00:39:44,558.0 μg/m^3
Sensor 1,2024-11-07 00:40:44,366.8 μg/m^3
Sensor 1,2024-11-07 00:41:44,137.7 μg/m^3
Sensor 1,2024-11-07 00:42:44,345.8 μg/m^3
Sensor 1,2024-11-07 00:43:44,753.2 μg/m^3
Sensor 1,2024-11-07 00:44:44,627.9 μg/m^3
Sensor 1,2024-11-07 00:45:44,30.5 μg/m^3
Sensor 1,2024-11-07 00:46:44,34.8 μg/m^3
Sensor 1,2024-11-07 00:47:44,536.4 μg/m^3
Sensor 1,2024-11-07 00:48:44,112.2 μg/m^3
Sensor 1,2024-11-07 00:49:44,595.2 μg/m^3
Sensor 1,2024-11-07 00:50:44,481.8 μg/m^3
Sensor 1,2024-11-07 00:51:44,791.7 μg/m^3
Sensor 1,2024-11-07 00:52:44,637.1 μg/m^3
Sensor 1,2024-11-07 00:53:44,304.9 μg/m^3
Sensor 1,2024-11-07 00:54:44,548.1 μg/m^3
Sensor 1,2024-11-07 00:55:44,335.0 μg/m^3
Sensor 1,2024-11-07 00:56:44,579.7 μg/m^3
Sensor 1,2024-11-07 00:57:44,578.7 μg/m^3
Sensor 1,2024-11-07 00:58:44,231.3 μg/m^3
Sensor 1,2024-11-07 00:59:44,205.1 μg/m^3
Sensor 1,2024-11-07 01:00:44,473.6 μg/m^3
Sensor 1,2024-11-07 01:01:44,600.9 μg/m^3
Sensor 1,2024-11-07 01:02:44,305.8 μg/m^3
Sensor 1,2024-11-07 01:03:44,83.7 μg/m^3
Sensor 1,2024-11-07 01:04:44,250.5 μg/m^3
Sensor 1,2024-11-07 01:05:44,64.3 μg/m^3
Sensor 1,2024-11-07 01:06:44,107.1 μg/m^3
Sensor 1,2024-11-07 01:07:44,436.3 μg/m^3
Sensor 1,2024-11-07 01:08:44,658.4 μg/m^3
Sensor 1,2024-11-07 01:09:44,771.6 μg/m^3
Sensor 1,2024-11-07 01:10:44,755.9 μg/m^3
Sensor 1,2024-11-07 01:11:44,795.7 μg/m^3
Sensor 1,2024-11-07 01:12:44,625.7 μg/m^3
Sensor 1,2024-11-07 01:13:44,18.7 μg/m^3
Sensor 1,2024-11-07 01:14:44,651.5 μg/m^3
Sensor 1,2024-11-07 01:15:44,543.9 μg/m^3
Sensor 1,2024-11-07 01:16:44,54.3 μg/m^3
Sensor 1,2024-11-07 01:17:44,264.5 μg/m^3
Sensor 1,2024-11-07 01:18:44,21.0 μg/m^3
Sensor 1,2024-11-07 01:19:44,421.7 μg/m^3
Sensor 1,2024-11-07 01:20:44,1.0 μg/m^3
Sensor 1,2024-11-07 01:21:44,575.5 μg/m^3
Sensor 1,2024-11-07 01:22:44,323.7 μg/m^3
Sensor 1,2024-11-07 01:23:44,720.7 μg/m^3
Sensor 1,2024-11-07 01:24:44,169.7 μg/m^3
Sensor 1,2024-11-07 01:25:44,408.2 μg/m^3
Sensor 1,2024-11-07 01:26:44,248.0 μg/m^3
Sensor 1,2024-11-07 01:27:44,639.5 μg/m^3
Sensor 1,2024-11-07 01:28:44,109.9 μg/m^3
Sensor 1,2024-11-07 01:29:44,383.7 μg/m^3
Sensor 1,2024-11-07 01:30:44,198.1 μg/m^3
Sensor 1,2024-11-07 01:31:44,48.5 μg/m^3
Sensor 1,2024-11-07 01:32:44,692.9 μg/m^3
Sensor 1,2024-11-07 01:33:44,21.7 μg/m^3
Sensor 1,2024-11-07 01:34:44,53.0 μg/m^3
Sensor 1,2024-11-07 01:35:44,491.1 μg/m^3
Sensor 1,2024-11-07 01:36:44,528.0 μg/m^3
Sensor 1,2024-11-07 01:37:44,367.0 μg/m^3
Sensor 1,2024-11-07 01:38:44,117.5 μg/m^3
Sensor 1,2024-11-07 01:39:44,759.7 μg/m^3
Sensor 1,2024-11-07 01:40:44,156.7 μg/m^3
Sensor 1,2024-11-07 01:41:44,7.7 μg/m^3
Sensor 1,2024-11-07 01:42:44,366.6 μg/m^3
Sensor 1,2024-11-07 01:43:44,256.7 μg/m^3
Sensor 1,2024-11-07 01:44:44,0.8 μg/m^3
Sensor 1,2024-11-07 01:45:44,3.7 μg/m^3
Sensor 1,2024-11-07 01:46:44,515.9 μg/m^3
Sensor 1,2024-11-07 01:47:44,563.2 μg/m^3
Sensor 1,2024-11-07 01:48:44,216.3 μg/m^3
Sensor 1,2024-11-07 01:49:44,46.8 μg/m^3
Sensor 1,2024-11-07 01:50:44,287.1 μg/m^3
Sensor 1,2024-11-07 01:51:44,787.0 μg/m^3
Sensor 1,2024-11-07 01:52:44,697.1 μg/m^3
Sensor 1,2024-11-07 01:53:44,382.2 μg/m^3
Sensor 1,2024-11-07 01:54:44,380.2 μg/m^3
Sensor 1,2024-11-07 01:55:44,467.2 μg/m^3
Sensor 1,2024-11-07 01:56:44,390.0 μg/m^3
Sensor 1,2024-11-07 01:57:44,732.7 μg/m^3
Sensor 1,2024-11-07 01:58:44,508.6 μg/m^3
Sensor 1,2024-11-07 01:59:44,120.0 μg/m^3
Sensor 1,2024-11-07 02:00:44,678.1 μg/m^3
Sensor 1,2024-11-07 02:01:44,728.3 μg/m^3
Sensor 1,2024-11-07 02:02:44,350.0 μg/m^3
Sensor 1,2024-11-07 02:03:44,783.1 μg/m^3
Sensor 1,2024-11-07 02:04:44,222.1 μg/m^3
Sensor 1,2024-11-07 02:05:44,668.1 μg/m^3
Sensor 1,2024-11-07 02:06:44,411.3 μg/m^3
Sensor 1,2024-11-07 02:07:44,185.8 μg/m^3
Sensor 1,2024-11-07 02:08:44,494.5 μg/m^3
Sensor 1,2024-11-07 02:09:44,297.9 μg/m^3
Sensor 1,2024-11-07 02:10:44,622.5 μg/m^3
Sensor 1,2024-11-07 02:11:44,660.6 μg/m^3
Sensor 1,2024-11-07 02:12:44,748.7 μg/m^3
Sensor 1,2024-11-07 02:13:44,789.8 μg/m^3
Sensor 1,2024-11-07 02:14:44,479.3 μg/m^3
Sensor 1,2024-11-07 02:15:44,241.6 μg/m^3
Sensor 1,2024-11-07 02:16:44,703.9 μg/m^3
Sensor 1,2024-11-07 02:17:44,29.7 μg/m^3
Sensor 1,2024-11-07 02:18:44,717.8 μg/m^3
Sensor 1,2024-11-07 02:19:44,587.8 μg/m^3
Sensor 1,2024-11-07 02:20:44,202.3 μg/m^3
Sensor 1,2024-11-07 02:21:44,607.0 μg/m^3
Sensor 1,2024-11-07 02:22:44,516.2 μg/m^3
Sensor 1,2024-11-07 02:23:44,737.4 μg/m^3
Sensor 1,2024-11-07 02:24:44,27.7 μg/m^3
Sensor 1,2024-11-07 02:25:44,380.5 μg/m^3
Sensor 1,2024-11-07 02:26:44,603.6 μg/m^3
Sensor 1,2024-11-07 02:27:44,345.8 μg/m^3
Sensor 1,2024-11-07 02:28:44,221.2 μg/m^3
Sensor 1,2024-11-07 02:29:44,145.6 μg/m^3
Sensor 1,2024-11-07 02:30:44,328.7 μg/m^3
Sensor 1,2024-11-07 02:31:44,505.4 μg/m^3
Sensor 1,2024-11-07 02:32:44,394.2 μg/m^3
Sensor 1,2024-11-07 02:33:44,519.4 μg/m^3
Sensor 1,2024-11-07 02:34:44,403.2 μg/m^3
Sensor 1,2024-11-07 02:35:44,727.1 μg/m^3
Sensor 1,2024-11-07 02:36:44,543.9 μg/m^3
Sensor 1,2024-11-07 02:37:44,358.5 μg/m^3
Sensor 1,2024-11-07 02:38:44,514.2 μg/m^3
Sensor 1,2024-11-07 02:39:44,415.4 μg/m^3
Sensor 1,2024-11-07 02:40:44,467.1 μg/m^3
Sensor 1,2024-11-07 02:41:44,30.5 μg/m^3
Sensor 1,2024-11-07 02:42:44,320.7 μg/m^3
Sensor 1,2024-11-07 02:43:44,556.7 μg/m^3
Sensor 1,2024-11-07 02:44:44,18.6 μg/m^3
Sensor 1,2024-11-07 02:45:44,59.4 μg/m^3
Sensor 1,2024-11-07 02:46:44,534.3 μg/m^3
Sensor 1,2024-11-07 02:47:44,353.9 μg/m^3
Sensor 1,2024-11-07 02:48:44,96.0 μg/m^3
Sensor 1,2024-11-07 02:49:44,526.7 μg/m^3
Sensor 1,2024-11-07 02:50:44,634.1 μg/m^3
Sensor 1,2024-11-07 02:51:44,30.2 μg/m^3
Sensor 1,2024-11-07 02:52:44,118.0 μg/m^3
Sensor 1,2024-11-07 02:53:44,429.4 μg/m^3
Sensor 1,2024-11-07 02:54:44,92.4 μg/m^3
Sensor 1,2024-11-07 02:55:44,80.6 μg/m^3
Sensor 1,2024-11-07 02:56:44,646.8 μg/m^3
Sensor 1,2024-11-07 02:57:44,628.5 μg/m^3
Sensor 1,2024-11-07 02:58:44,115.1 μg/m^3
Sensor 1,2024-11-07 02:59:44,382.6 μg/m^3
Sensor 1,2024-11-07 03:00:44,556.4 μg/m^3
Sensor 1,2024-11-07 03:01:44,292.8 μg/m^3
Sensor 1,2024-11-07 03:02:44,237.5 μg/m^3
Sensor 1,2024-11-07 03:03:44,721.2 μg/m^3
Sensor 1,2024-11-07 03:04:44,23.5 μg/m^3
Sensor 1,2024-11-07 03:05:44,186.2 μg/m^3
Sensor 1,2024-11-07 03:06:44,271.4 μg/m^3
Sensor 1,2024-11-07 03:07:44,539.7 μg/m^3
Sensor 1,2024-11-07 03:08:44,157.5 μg/m^3
Sensor 1,2024-11-07 03:09:44,719.3 μg/m^3
Sensor 1,2024-11-07 03:10:44,378.6 μg/m^3
Sensor 1,2024-11-07 03:11:44,42.6 μg/m^3
Sensor 1,2024-11-07 03:12:44,636.0 μg/m^3
Sensor 1,2024-11-07 03:13:44,154.9 μg/m^3
Sensor 1,2024-11-07 03:14:44,508.9 μg/m^3
Sensor 1,2024-11-07 03:15:44,6.7 μg/m^3
Sensor 1,2024-11-07 03:16:44,415.3 μg/m^3
Sensor 1,2024-11-07 03:17:44,242.7 μg/m^3
Sensor 1,2024-11-07 03:18:44,702.5 μg/m^3
Sensor 1,2024-11-07 03:19:44,518.3 μg/m^3
Sensor 1,2024-11-07 03:20:44,517.4 μg/m^3
Sensor 1,2024-11-07 03:21:44,93.6 μg/m^3
Sensor 1,2024-11-07 03:22:44,563.0 μg/m^3
Sensor 1,2024-11-07 03:23:44,643.9 μg/m^3
Sensor 1,2024-11-07 03:24:44,627.6 μg/m^3
Sensor 1,2024-11-07 03:25:44,205.7 μg/m^3
Sensor 1,2024-11-07 03:26:44,465.4 μg/m^3
Sensor 1,2024-11-07 03:27:44,393.0 μg/m^3
Sensor 1,2024-11-07 03:28:44,510.3 μg/m^3
Sensor 1,2024-11-07 03:29:44,647.9 μg/m^3
Sensor 1,2024-11-07 03:30:44,634.1 μg/m^3
Sensor 1,2024-11-07 03:31:44,315.9 μg/m^3
Sensor 1,2024-11-07 03:32:44,599.8 μg/m^3
Sensor 1,2024-11-07 03:33:44,151.0 μg/m^3
Sensor 1,2024-11-07 03:34:44,200.2 μg/m^3
Sensor 1,2024-11-07 03:35:44,243.4 μg/m^3
Sensor 1,2024-11-07 03:36:44,357.2 μg/m^3
Sensor 1,2024-11-07 03:37:44,497.8 μg/m^3
Sensor 1,2024-11-07 03:38:44,637.5 μg/m^3
Sensor 1,2024-11-07 03:39:44,363.2 μg/m^3
Sensor 1,2024-11-07 03:40:44,674.1 μg/m^3
Sensor 1,2024-11-07 03:41:44,631.2 μg/m^3
Sensor 1,2024-11-07 03:42:44,181.2 μg/m^3
Sensor 1,2024-11-07 03:43:44,462.4 μg/m^3
Sensor 1,2024-11-07 03:44:44,723.1 μg/m^3
Sensor 1,2024-11-07 03:45:44,382.9 μg/m^3
Sensor 1,2024-11-07 03:46:44,52.0 μg/m^3
Sensor 1,2024-11-07 03:47:44,604.8 μg/m^3
Sensor 1,2024-11-07 03:48:44,451.5 μg/m^3
Sensor 1,2024-11-07 03:49:44,67.0 μg/m^3
Sensor 1,2024-11-07 03:50:44,667.3 μg/m^3
Sensor 1,2024-11-07 03:51:44,562.1 μg/m^3
Sensor 1,2024-11-07 03:52:44,486.5 μg/m^3
Sensor 1,2024-11-07 03:53:44,222.3 μg/m^3
Sensor 1,2024-11-07 03:54:44,124.1 μg/m^3
Sensor 1,2024-11-07 03:55:44,312.3 μg/m^3
Sensor 1,2024-11-07 03:56:44,365.0 μg/m^3
Sensor 1,2024-11-07 03:57:44,282.4 μg/m^3
Sensor 1,2024-11-07 03:58:44,538.6 μg/m^3
Sensor 1,2024-11-07 03:59:44,29.8 μg/m^3
Sensor 1,2024-11-07 04:00:44,153.1 μg/m^3
Sensor 1,2024-11-07 04:01:44,759.0 μg/m^3
Sensor 1,2024-11-07 04:02:44,0.7 μg/m^3
Sensor 1,2024-11-07 04:03:44,243.1 μg/m^3
Sensor 1,2024-11-07 04:04:44,649.3 μg/m^3
Sensor 1,2024-11-07 04:05:44,27.9 μg/m^3
Sensor 1,2024-11-07 04:06:44,265.6 μg/m^3
Sensor 1,2024-11-07 04:07:44,621.9 μg/m^3
Sensor 1,2024-11-07 04:08:44,612.5 μg/m^3
Sensor 1,2024-11-07 04:09:44,316.0 μg/m^3
Sensor 1,2024-11-07 04:10:44,629.0 μg/m^3
Sensor 1,2024-11-07 04:11:44,204.2 μg/m^3
Sensor 1,2024-11-07 04:12:44,721.3 μg/m^3
Sensor 1,2024-11-07 04:13:44,229.8 μg/m^3
Sensor 1,2024-11-07 04:14:44,105.3 μg/m^3
Sensor 1,2024-11-07 04:15:44,37.9 μg/m^3
Sensor 1,2024-11-07 04:16:44,399.8 μg/m^3
Sensor 1,2024-11-07 04:17:44,613.7 μg/m^3
Sensor 1,2024-11-07 04:18:44,489.9 μg/m^3
Sensor 1,2024-11-07 04:19:44,304.1 μg/m^3
Sensor 1,2024-11-07 04:20:44,304.4 μg/m^3
Sensor 1,2024-11-07 04:21:44,467.7 μg/m^3
Sensor 1,2024-11-07 04:22:44,766.0 μg/m^3
Sensor 1,2024-11-07 04:23:44,633.6 μg/m^3
Sensor 1,2024-11-07 04:24:44,72.0 μg/m^3
Sensor 1,2024-11-07 04:25:44,497.7 μg/m^3
Sensor 1,2024-11-07 04:26:44,506.2 μg/m^3
Sensor 1,2024-11-07 04:27:44,136.3 μg/m^3
Sensor 1,2024-11-07 04:28:44,428.5 μg/m^3
Sensor 1,2024-11-07 04:29:44,660.4 μg/m^3
Sensor 1,2024-11-07 04:30:44,175.5 μg/m^3
Sensor 1,2024-11-07 04:31:44,67.5 μg/m^3
Sensor 1,2024-11-07 04:32:44,59.6 μg/m^3
Sensor 1,2024-11-07 04:33:44,98.2 μg/m^3
Sensor 1,2024-11-07 04:34:44,101.0 μg/m^3
Sensor 1,2024-11-07 04:35:44,126.3 μg/m^3
Sensor 1,2024-11-07 04:36:44,37.6 μg/m^3
Sensor 1,2024-11-07 04:37:44,533.2 μg/m^3
Sensor 1,2024-11-07 04:38:44,412.7 μg/m^3
Sensor 1,2024-11-07 04:39:44,756.4 μg/m^3
Sensor 1,2024-11-07 04:40:44,185.2 μg/m^3
Sensor 1,2024-11-07 04:41:44,24.8 μg/m^3
Sensor 1,2024-11-07 04:42:44,524.3 μg/m^3
Sensor 1,2024-11-07 04:43:44,428.8 μg/m^3
Sensor 1,2024-11-07 04:44:44,667.7 μg/m^3
Sensor 1,2024-11-07 04:45:44,334.4 μg/m^3
Sensor 1,2024-11-07 04:46:44,494.2 μg/m^3
Sensor 1,2024-11-07 04:47:44,158.7 μg/m^3
Sensor 1,2024-11-07 04:48:44,316.3 μg/m^3
Sensor 1,2024-11-07 04:49:44,668.6 μg/m^3
Sensor 1,2024-11-07 04:50:44,130.4 μg/m^3
Sensor 1,2024-11-07 04:51:44,46.6 μg/m^3
Sensor 1,2024-11-07 04:52:44,368.1 μg/m^3
Sensor 1,2024-11-07 04:53:44,510.8 μg/m^3
Sensor 1,2024-11-07 04:54:44,48.6 μg/m^3
Sensor 1,2024-11-07 04:55:44,707.8 μg/m^3
Sensor 1,2024-11-07 04:56:44,321.0 μg/m^3
Sensor 1,2024-11-07 04:57:44,120.8 μg/m^3
Sensor 1,2024-11-07 04:58:44,695.4 μg/m^3
Sensor 1,2024-11-07 04:59:44,52.4 μg/m^3
Sensor 1,2024-11-07 05:00:44,303.9 μg/m^3
Sensor 1,2024-11-07 05:01:44,271.6 μg/m^3
Sensor 1,2024-11-07 05:02:44,199.1 μg/m^3
Sensor 1,2024-11-07 05:03:44,609.0 μg/m^3
Sensor 1,2024-11-07 05:04:44,93.1 μg/m^3
Sensor 1,2024-11-07 05:05:44,542.4 μg/m^3
Sensor 1,2024-11-07 05:06:44,465.6 μg/m^3
Sensor 1,2024-11-07 05:07:44,363.1 μg/m^3
Sensor 1,2024-11-07 05:08:44,67.3 μg/m^3
Sensor 1,2024-11-07 05:09:44,713.0 μg/m^3
Sensor 1,2024-11-07 05:10:44,133.0 μg/m^3
Sensor 1,2024-11-07 05:11:44,20.4 μg/m^3
Sensor 1,2024-11-07 05:12:44,250.3 μg/m^3
Sensor 1,2024-11-07 05:13:44,195.6 μg/m^3
Sensor 1,2024-11-07 05:14:44,494.1 μg/m^3
Sensor 1,2024-11-07 05:15:44,391.1 μg/m^3
Sensor 1,2024-11-07 05:16:44,793.1 μg/m^3
Sensor 1,2024-11-07 05:17:44,389.7 μg/m^3
Sensor 1,2024-11-07 05:18:44,174.3 μg/m^3
Sensor 1,2024-11-07 05:19:44,364.6 μg/m^3
Sensor 1,2024-11-07 05:20:44,348.8 μg/m^3
Sensor 1,2024-11-07 05:21:44,785.1 μg/m^3
Sensor 1,2024-11-07 05:22:44,603.6 μg/m^3
Sensor 1,2024-11-07 05:23:44,638.6 μg/m^3
Sensor 1,2024-11-07 05:24:44,300.7 μg/m^3
Sensor 1,2024-11-07 05:25:44,440.6 μg/m^3
Sensor 1,2024-11-07 05:26:44,695.6 μg/m^3
Sensor 1,2024-11-07 05:27:44,280.5 μg/m^3
Sensor 1,2024-11-07 05:28:44,59.4 μg/m^3
Sensor 1,2024-11-07 05:29:44,615.1 μg/m^3
Sensor 1,2024-11-07 05:30:44,675.9 μg/m^3
Sensor 1,2024-11-07 05:31:44,280.1 μg/m^3
Sensor 1,2024-11-07 05:32:44,494.3 μg/m^3
Sensor 1,2024-11-07 05:33:44,179.2 μg/m^3
Sensor 1,2024-11-07 05:34:44,715.7 μg/m^3
Sensor 1,2024-11-07 05:35:44,554.3 μg/m^3
Sensor 1,2024-11-07 05:36:44,295.5 μg/m^3
Sensor 1,2024-11-07 05:37:44,690.1 μg/m^3
Sensor 1,2024-11-07 05:38:44,99.3 μg/m^3
Sensor 1,2024-11-07 05:39:44,263.1 μg/m^3
Sensor 1,2024-11-07 05:40:44,352.3 μg/m^3
Sensor 1,2024-11-07 05:41:44,562.7 μg/m^3
Sensor 1,2024-11-07 05:42:44,525.1 μg/m^3
Sensor 1,2024-11-07 05:43:44,661.4 μg/m^3
Sensor 1,2024-11-07 05:44:44,332.1 μg/m^3
Sensor 1,2024-11-07 05:45:44,521.5 μg/m^3
Sensor 1,2024-11-07 05:46:44,754.2 μg/m^3
Sensor 1,2024-11-07 05:47:44,757.6 μg/m^3
Sensor 1,2024-11-07 05:48:44,70.7 μg/m^3
Sensor 1,2024-11-07 05:49:44,524.4 μg/m^3
Sensor 1,2024-11-07 05:50:44,455.4 μg/m^3
Sensor 1,2024-11-07 05:51:44,745.5 μg/m^3
Sensor 1,2024-11-07 05:52:44,552.4 μg/m^3
Sensor 1,2024-11-07 05:53:44,93.9 μg/m^3
Sensor 1,2024-11-07 05:54:44,536.8 μg/m^3
Sensor 1,2024-11-07 05:55:44,692.9 μg/m^3
Sensor 1,2024-11-07 05:56:44,472.0 μg/m^3
Sensor 1,2024-11-07 05:57:44,232.4 μg/m^3
Sensor 1,2024-11-07 05:58:44,323.4 μg/m^3
Sensor 1,2024-11-07 05:59:44,427.0 μg/m^3
Sensor 1,2024-11-07 06:00:44,462.8 μg/m^3
Sensor 1,2024-11-07 06:01:44,490.8 μg/m^3
Sensor 1,2024-11-07 06:02:44,247.8 μg/m^3
Sensor 1,2024-11-07 06:03:44,255.9 μg/m^3
Sensor 1,2024-11-07 06:04:44,690.3 μg/m^3
Sensor 1,2024-11-07 06:05:44,301.0 μg/m^3
Sensor 1,2024-11-07 06:06:44,238.3 μg/m^3
Sensor 1,2024-11-07 06:07:44,153.9 μg/m^3
Sensor 1,2024-11-07 06:08:44,734.9 μg/m^3
Sensor 1,2024-11-07 06:09:44,280.1 μg/m^3
Sensor 1,2024-11-07 06:10:44,299.8 μg/m^3
Sensor 1,2024-11-07 06:11:44,448.0 μg/m^3
Sensor 1,2024-11-07 06:12:44,647.2 μg/m^3
Sensor 1,2024-11-07 06:13:44,114.1 μg/m^3
Sensor 1,2024-11-07 06:14:44,447.0 μg/m^3
Sensor 1,2024-11-07 06:15:44,600.3 μg/m^3
Sensor 1,2024-11-07 06:16:44,133.6 μg/m^3
Sensor 1,2024-11-07 06:17:44,312.2 μg/m^3
Sensor 1,2024-11-07 06:18:44,270.9 μg/m^3
Sensor 1,2024-11-07 06:19:44,229.7 μg/m^3
Sensor 1,2024-11-07 06:20:44,14.4 μg/m^3
Sensor 1,2024-11-07 06:21:44,521.6 μg/m^3
Sensor 1,2024-11-07 06:22:44,483.1 μg/m^3
Sensor 1,2024-11-07 06:23:44,35.6 μg/m^3
Sensor 1,2024-11-07 06:24:44,131.6 μg/m^3
Sensor 1,2024-11-07 06:25:44,694.7 μg/m^3
Sensor 1,2024-11-07 06:26:44,49.9 μg/m^3
Sensor 1,2024-11-07 06:27:44,286.8 μg/m^3
Sensor 1,2024-11-07 06:28:44,97.7 μg/m^3
Sensor 1,2024-11-07 06:29:44,545.8 μg/m^3
Sensor 1,2024-11-07 06:30:44,555.4 μg/m^3
Sensor 1,2024-11-07 06:31:44,66.8 μg/m^3
Sensor 1,2024-11-07 06:32:44,409.1 μg/m^3
Sensor 1,2024-11-07 06:33:44,580.5 μg/m^3
Sensor 1,2024-11-07 06:34:44,362.0 μg/m^3
Sensor 1,2024-11-07 06:35:44,423.2 μg/m^3
Sensor 1,2024-11-07 06:36:44,799.7 μg/m^3
Sensor 1,2024-11-07 06:37:44,362.0 μg/m^3
Sensor 1,2024-11-07 06:38:44,716.5 μg/m^3
Sensor 1,2024-11-07 06:39:44,208.4 μg/m^3
Sensor 1,2024-11-07 06:40:44,628.7 μg/m^3
Sensor 1,2024-11-07 06:41:44,496.9 μg/m^3
Sensor 1,2024-11-07 06:42:44,238.5 μg/m^3
Sensor 1,2024-11-07 06:43:44,451.0 μg/m^3
Sensor 1,2024-11-07 06:44:44,123.4 μg/m^3
Sensor 1,2024-11-07 06:45:44,348.4 μg/m^3
Sensor 1,2024-11-07 06:46:44,287.5 μg/m^3
Sensor 1,2024-11-07 06:47:44,784.8 μg/m^3
Sensor 1,2024-11-07 06:48:44,260.4 μg/m^3
Sensor 1,2024-11-07 06:49:44,246.6 μg/m^3
Sensor 1,2024-11-07 06:50:44,303.1 μg/m^3
Sensor 1,2024-11-07 06:51:44,421.4 μg/m^3
Sensor 1,2024-11-07 06:52:44,296.8 μg/m^3
Sensor 1,2024-11-07 06:53:44,772.0 μg/m^3
Sensor 1,2024-11-07 06:54:44,133.9 μg/m^3
Sensor 1,2024-11-07 06:55:44,72.7 μg/m^3
Sensor 1,2024-11-07 06:56:44,299.0 μg/m^3
Sensor 1,2024-11-07 06:57:44,303.6 μg/m^3
Sensor 1,2024-11-07 06:58:44,337.2 μg/m^3
Sensor 1,2024-11-07 06:59:44,9.8 μg/m^3
Sensor 1,2024-11-07 07:00:44,628.7 μg/m^3
Sensor 1,2024-11-07 07:01:44,665.1 μg/m^3
Sensor 1,2024-11-07 07:02:44,51.1 μg/m^3
Sensor 1,2024-11-07 07:03:44,346.5 μg/m^3
Sensor 1,2024-11-07 07:04:44,631.4 μg/m^3
Sensor 1,2024-11-07 07:05:44,609.5 μg/m^3
Sensor 1,2024-11-07 07:06:44,490.7 μg/m^3
Sensor 1,2024-11-07 07:07:44,366.0 μg/m^3
Sensor 1,2024-11-07 07:08:44,794.3 μg/m^3
Sensor 1,2024-11-07 07:09:44,312.9 μg/m^3
Sensor 1,2024-11-07 07:10:44,29.6 μg/m^3
Sensor 1,2024-11-07 07:11:44,239.2 μg/m^3
Sensor 1,2024-11-07 07:12:44,402.6 μg/m^3
Sensor 1,2024-11-07 07:13:44,464.6 μg/m^3
Sensor 1,2024-11-07 07:14:44,655.8 μg/m^3
Sensor 1,2024-11-07 07:15:44,241.1 μg/m^3
Sensor 1,2024-11-07 07:16:44,263.9 μg/m^3
Sensor 1,2024-11-07 07:17:44,683.0 μg/m^3
Sensor 1,2024-11-07 07:18:44,23.9 μg/m^3
Sensor 1,2024-11-07 07:19:44,159.7 μg/m^3
Sensor 1,2024-11-07 07:20:44,544.1 μg/m^3
Sensor 1,2024-11-07 07:21:44,620.1 μg/m^3
Sensor 1,2024-11-07 07:22:44,707.4 μg/m^3
Sensor 1,2024-11-07 07:23:44,334.6 μg/m^3
Sensor 1,2024-11-07 07:24:44,312.5 μg/m^3
Sensor 1,2024-11-07 07:25:44,291.7 μg/m^3
Sensor 1,2024-11-07 07:26:44,167.4 μg/m^3
Sensor 1,2024-11-07 07:27:44,767.7 μg/m^3
Sensor 1,2024-11-07 07:28:44,387.6 μg/m^3
Sensor 1,2024-11-07 07:29:44,329.7 μg/m^3
Sensor 1,2024-11-07 07:30:44,314.2 μg/m^3
Sensor 1,2024-11-07 07:31:44,163.5 μg/m^3
Sensor 1,2024-11-07 07:32:44,456.2 μg/m^3
Sensor 1,2024-11-07 07:33:44,482.6 μg/m^3
Sensor 1,2024-11-07 07:34:44,524.2 μg/m^3
Sensor 1,2024-11-07 07:35:44,485.8 μg/m^3
Sensor 1,2024-11-07 07:36:44,288.8 μg/m^3
Sensor 1,2024-11-07 07:37:44,643.3 μg/m^3
Sensor 1,2024-11-07 07:38:44,722.2 μg/m^3
Sensor 1,2024-11-07 07:39:44,27.8 μg/m^3
Sensor 1,2024-11-07 07:40:44,633.9 μg/m^3
Sensor 1,2024-11-07 07:41:44,217.2 μg/m^3
Sensor 1,2024-11-07 07:42:44,446.6 μg/m^3
Sensor 1,2024-11-07 07:43:44,547.1 μg/m^3
Sensor 1,2024-11-07 07:44:44,431.8 μg/m^3
Sensor 1,2024-11-07 07:45:44,753.5 μg/m^3
Sensor 1,2024-11-07 07:46:44,89.7 μg/m^3
Sensor 1,2024-11-07 07:47:44,299.5 μg/m^3
Sensor 1,2024-11-07 07:48:44,445.0 μg/m^3
Sensor 1,2024-11-07 07:49:44,37.2 μg/m^3
Sensor 1,2024-11-07 07:50:44,211.6 μg/m^3
Sensor 1,2024-11-07 07:51:44,620.2 μg/m^3
Sensor 1,2024-11-07 07:52:44,271.3 μg/m^3
Sensor 1,2024-11-07 07:53:44,620.8 μg/m^3
Sensor 1,2024-11-07 07:54:44,509.0 μg/m^3
Sensor 1,2024-11-07 07:55:44,130.5 μg/m^3
Sensor 1,2024-11-07 07:56:44,91.7 μg/m^3
Sensor 1,2024-11-07 07:57:44,533.5 μg/m^3
Sensor 1,2024-11-07 07:58:44,55.5 μg/m^3
Sensor 1,2024-11-07 07:59:44,105.3 μg/m^3
Sensor 1,2024-11-07 08:00:44,138.2 μg/m^3
Sensor 1,2024-11-07 08:01:44,427.7 μg/m^3
Sensor 1,2024-11-07 08:02:44,465.3 μg/m^3
Sensor 1,2024-11-07 08:03:44,608.3 μg/m^3
Sensor 1,2024-11-07 08:04:44,512.4 μg/m^3
Sensor 1,2024-11-07 08:05:44,574.2 μg/m^3
Sensor 1,2024-11-07 08:06:44,0.5 μg/m^3
Sensor 1,2024-11-07 08:07:44,254.9 μg/m^3
Sensor 1,2024-11-07 08:08:44,166.5 μg/m^3
Sensor 1,2024-11-07 08:09:44,745.6 μg/m^3
Sensor 1,2024-11-07 08:10:44,771.5 μg/m^3
Sensor 1,2024-11-07 08:11:44,740.4 μg/m^3
Sensor 1,2024-11-07 08:12:44,571.5 μg/m^3
Sensor 1,2024-11-07 08:13:44,211.2 μg/m^3
Sensor 1,2024-11-07 08:14:44,13.6 μg/m^3
Sensor 1,2024-11-07 08:15:44,0.8 μg/m^3
Sensor 1,2024-11-07 08:16:44,240.9 μg/m^3
Sensor 1,2024-11-07 08:17:44,673.5 μg/m^3
Sensor 1,2024-11-07 08:18:44,323.7 μg/m^3
Sensor 1,2024-11-07 08:19:44,95.2 μg/m^3
Sensor 1,2024-11-07 08:20:44,754.4 μg/m^3
Sensor 1,2024-11-07 08:21:44,261.7 μg/m^3
Sensor 1,2024-11-07 08:22:44,118.2 μg/m^3
Sensor 1,2024-11-07 08:23:44,535.1 μg/m^3
Sensor 1,2024-11-07 08:24:44,354.7 μg/m^3
Sensor 1,2024-11-07 08:25:44,6.2 μg/m^3
Sensor 1,2024-11-07 08:26:44,684.1 μg/m^3
Sensor 1,2024-11-07 08:27:44,558.7 μg/m^3
Sensor 1,2024-11-07 08:28:44,605.1 μg/m^3
Sensor 1,2024-11-07 08:29:44,775.5 μg/m^3
Sensor 1,2024-11-07 08:30:44,724.7 μg/m^3
Sensor 1,2024-11-07 08:31:44,697.2 μg/m^3
Sensor 1,2024-11-07 08:32:44,41.5 μg/m^3
Sensor 1,2024-11-07 08:33:44,592.2 μg/m^3
Sensor 1,2024-11-07 08:34:44,672.7 μg/m^3
Sensor 1,2024-11-07 08:35:44,269.2 μg/m^3
Sensor 1,2024-11-07 08:36:44,269.8 μg/m^3
Sensor 1,2024-11-07 08:37:44,64.9 μg/m^3
Sensor 1,2024-11-07 08:38:44,589.6 μg/m^3
Sensor 1,2024-11-07 08:39:44,621.4 μg/m^3
Sensor 1,2024-11-07 08:40:44,351.9 μg/m^3
Sensor 1,2024-11-07 08:41:44,291.1 μg/m^3
Sensor 1,2024-11-07 08:42:44,246.2 μg/m^3
Sensor 1,2024-11-07 08:43:44,194.6 μg/m^3
Sensor 1,2024-11-07 08:44:44,771.8 μg/m^3
Sensor 1,2024-11-07 08:45:44,467.8 μg/m^3
Sensor 1,2024-11-07 08:46:44,289.7 μg/m^3
Sensor 1,2024-11-07 08:47:44,725.3 μg/m^3
Sensor 1,2024-11-07 08:48:44,486.4 μg/m^3
Sensor 1,2024-11-07 08:49:44,104.0 μg/m^3
Sensor 1,2024-11-07 08:50:44,62.4 μg/m^3
Sensor 1,2024-11-07 08:51:44,256.8 μg/m^3
Sensor 1,2024-11-07 08:52:44,696.5 μg/m^3
Sensor 1,2024-11-07 08:53:44,461.6 μg/m^3
Sensor 1,2024-11-07 08:54:44,694.9 μg/m^3
Sensor 1,2024-11-07 08:55:44,270.4 μg/m^3
Sensor 1,2024-11-07 08:56:44,56.6 μg/m^3
Sensor 1,2024-11-07 08:57:44,550.3 μg/m^3
Sensor 1,2024-11-07 08:58:44,424.3 μg/m^3
Sensor 1,2024-11-07 08:59:44,404.0 μg/m^3
Sensor 1,2024-11-07 09:00:44,640.0 μg/m^3
Sensor 1,2024-11-07 09:01:44,179.6 μg/m^3
Sensor 1,2024-11-07 09:02:44,136.9 μg/m^3
Sensor 1,2024-11-07 09:03:44,522.7 μg/m^3
Sensor 1,2024-11-07 09:04:44,614.0 μg/m^3
Sensor 1,2024-11-07 09:05:44,510.7 μg/m^3
Sensor 1,2024-11-07 09:06:44,787.3 μg/m^3
Sensor 1,2024-11-07 09:07:44,107.2 μg/m^3
Sensor 1,2024-11-07 09:08:44,65.1 μg/m^3
Sensor 1,2024-11-07 09:09:44,516.4 μg/m^3
Sensor 1,2024-11-07 09:10:44,407.4 μg/m^3
Sensor 1,2024-11-07 09:11:44,626.3 μg/m^3
Sensor 1,2024-11-07 09:12:44,464.0 μg/m^3
Sensor 1,2024-11-07 09:13:44,252.8 μg/m^3
Sensor 1,2024-11-07 09:14:44,475.6 μg/m^3
Sensor 1,2024-11-07 09:15:44,746.1 μg/m^3
Sensor 1,2024-11-07 09:16:44,92.2 μg/m^3
Sensor 1,2024-11-07 09:17:44,661.8 μg/m^3
Sensor 1,2024-11-07 09:18:44,363.9 μg/m^3
Sensor 1,2024-11-07 09:19:44,213.2 μg/m^3
Sensor 1,2024-11-07 09:20:44,250.4 μg/m^3
Sensor 1,2024-11-07 09:21:44,446.3 μg/m^3
Sensor 1,2024-11-07 09:22:44,455.8 μg/m^3
Sensor 1,2024-11-07 09:23:44,477.4 μg/m^3
Sensor 1,2024-11-07 09:24:44,640.5 μg/m^3
Sensor 1,2024-11-07 09:25:44,425.7 μg/m^3
Sensor 1,2024-11-07 09:26:44,499.2 μg/m^3
Sensor 1,2024-11-07 09:27:44,171.7 μg/m^3
Sensor 1,2024-11-07 09:28:44,494.6 μg/m^3
Sensor 1,2024-11-07 09:29:44,672.4 μg/m^3
Sensor 1,2024-11-07 09:30:44,796.1 μg/m^3
